43397,33.7139190168644,73.0883477115877,555.101525855018,0.0438315411385972,0.0254063430274045
43398,33.7139217509009,73.0883495764862,555.345588892233,0.562036669983362,0.317231677466011
43399,33.7139291796065,73.0883544950834,556.00810962962,1.08325654342448,0.594009085535434
43400,33.7139413117567,73.0883623285839,557.08808279736,1.6102590087812,0.856771736591748
43401,33.7139582152169,73.088372941395,558.584175479598,2.14034322108227,1.10783840243197
43402,33.7139222921431,73.0883441693489,555.094835846452,0.042185249212628,0.0182689465339539
43403,33.7139226529733,73.0883438696133,555.185020867502,0.0302356941390312,-0.00198357944192051
43404,33.7139229140212,73.0883437190675,555.335844488814,0.0328549446249676,-0.0101668546222498
43405,33.713923144549,73.0883435423465,555.473189152544,0.031088674464437,-0.0226400250219946
43406,33.7139234093679,73.0883433123697,555.685972513864,0.0320673855553783,-0.0350240904631265
43407,33.7139236865756,73.0883430700431,556.048223101534,0.0340040213547348,-0.0504995375985146
43408,33.7139239332284,73.0883428897684,556.366677994607,0.0327582593663046,-0.0628649797820591
43409,33.7139241934135,73.0883426767349,556.756333427504,0.0309347499001402,-0.0760513850464365
43410,33.7139244798224,73.0883423823415,557.302930140868,0.0331150813132823,-0.0964290913986446
43411,33.7139247892628,73.0883421575722,557.749346379424,0.0347851306282451,-0.112925286578369
43412,33.7139251195862,73.0883418830082,558.227740353206,0.0348830198621298,-0.131017411045881
43413,33.713925461789,73.0883415777323,558.712717741961,0.0331560509358613,-0.151910026559518
43414,33.713925815836,73.0883412557706,559.193271112628,0.0344405041256567,-0.175846503645472
43415,33.7139261775998,73.0883409175225,559.657675486989,0.0403312670947813,-0.199734276272649
43416,33.7139265471939,73.0883402470166,560.431845206069,0.0462936768624147,-0.235942590139233
43417,33.7139269265123,73.0883398387271,560.950526966713,0.0490010941047245,-0.266744632634638
43418,33.713927305651,73.0883397589139,561.190391717246,0.0480229042912266,-0.292244145027275
43419,33.7139276955332,73.0883396270628,561.38557784725,0.0499625317938801,-0.316736981849928
43420,33.7139280837587,73.0883394463761,561.535707124509,0.0524554491597951,-0.341882812222736
43421,33.713928458186,73.0883389819023,561.81239161035,0.05185599862249,-0.371956954679502
43422,33.7139288140339,73.0883381719873,562.210310325027,0.0571489680603321,-0.414855325251906
43423,33.7139291326285,73.0883378249353,562.314873122377,0.0615222548510723,-0.44577676715094
43424,33.7139294435423,73.0883374640741,562.360955216456,0.0612697852248196,-0.481027762181262
43425,33.7139297353734,73.0883371378684,562.346783003071,0.0630749393955634,-0.517883094642588
43426,33.713930007084,73.0883368810518,562.272373601794,0.0653766782201,-0.551229753114732
43427,33.7139302580512,73.0883366673007,562.156202522805,0.0659926675262148,-0.581711782083214
43428,33.7139305397496,73.0883357989777,562.180128869833,0.0644927970769819,-0.621084056455958
43429,33.7139307990102,73.088334970538,562.152487738291,0.0677691670384806,-0.660755096599026
43430,33.7139310016552,73.0883350199023,561.920729358215,0.0709621979148403,-0.682986569169774
43431,33.7139311961929,73.0883350574788,561.682096634759,0.0718314360598516,-0.699551957979887
43432,33.713931385219,73.0883350105418,561.448505253065,0.0734590893986916,-0.715666338822068
43433,33.7139315713437,73.0883348661109,561.217930451035,0.0721648001972828,-0.730781925562582
43434,33.7139317490824,73.0883346966508,560.989207581151,0.0747095733578743,-0.745591957765509
43435,33.7139319268111,73.088334513344,560.764738859609,0.0729998243812687,-0.756089845945728
43436,33.7139321026208,73.0883343046643,560.544537221082,0.0701346880795997,-0.766322978442079
43437,33.7139323184722,73.0883332344281,560.412986457115,0.0660366870716728,-0.789053219525256
43438,33.7139324697031,73.0883331493536,560.191302605439,0.0612529169122283,-0.79388278982158
43439,33.7139326516088,73.0883321625167,560.04454149236,0.0617005151580428,-0.810575416591818
43440,33.7139328630764,73.0883304197382,559.954468433978,0.0631925174373869,-0.833830749429199
43441,33.7139330014719,73.0883299612949,559.785039547132,0.0603852089568872,-0.828464496491277
43442,33.7139331275732,73.0883296200506,559.613100847462,0.0579050441969652,-0.818661148818205
43443,33.7139332433777,73.0883293554603,559.44036024157,0.0555787314608042,-0.808930797392367
43444,33.7139333898728,73.0883282297565,559.315586444922,0.0518767663981542,-0.8097960806059
43445,33.7139335186208,73.0883272246105,559.183746131137,0.0454555268306215,-0.806995229047563
43446,33.7139336265688,73.0883263727953,559.046447681962,0.0388853308142496,-0.801696674840537
43447,33.7139337448237,73.0883247252503,558.938507749233,0.0357167189891311,-0.806082472156461
43448,33.7139338811892,73.0883223620932,558.852696372429,0.0373869819428355,-0.814952897393959
43449,33.713934004896,73.0883204092131,558.757231526775,0.037542972373496,-0.816209218876764
43450,33.7139340371567,73.0883213625295,558.603093756363,0.0367934121720364,-0.77013157560616
43451,33.7139340422917,73.0883233359091,558.431977899047,0.0323311676251156,-0.710414941510968
43452,33.7139340308593,73.0883257164354,558.252569033997,0.0344612252226201,-0.643057481979248
43453,33.7139340469523,73.0883273624968,558.086261195829,0.0361342478346756,-0.589998581157625
43454,33.7139341076469,73.0883278586249,557.944580129115,0.035127767251708,-0.552505427051593
43455,33.7139341593234,73.0883288635285,557.800415532896,0.0326988979088173,-0.513774244245883
43456,33.7139342439104,73.088328948811,557.672554430319,0.0342724517279011,-0.4874952876887
43457,33.7139343112519,73.0883295369663,557.5445499341,0.0329459941887088,-0.451860737582437
43458,33.7139344070414,73.0883293880608,557.429160815198,0.0329484585293209,-0.42543549135929
43459,33.7139344857653,73.088329713814,557.313013163162,0.0308891328105861,-0.393841607560907
43460,33.7139345879175,73.0883294876256,557.208848868264,0.03204774659624,-0.371747847965511
43461,33.7139346906082,73.0883292661311,557.108695847448,0.0342714881470374,-0.353027666750876
43462,33.7139347619214,73.088329481198,557.013192672981,0.0335309383004543,-0.32513378692216
43463,33.713934838429,73.0883296163658,556.923080228502,0.029709007175276,-0.30036733440506
43464,33.7139349317659,73.0883293667925,556.838724735193,0.0309583375309055,-0.280169438208312
43465,33.713935013155,73.0883294311841,556.76037506829,0.0297315433004673,-0.254028649182445
43466,33.7139350896502,73.0883294798188,556.685327155516,0.027806540953441,-0.230223581196967
43467,33.713935153788,73.0883295113846,556.616970278323,0.0283532436713263,-0.209798570060331
43468,33.7139351991143,73.0883297090428,556.552197903162,0.0293840360899008,-0.185197535283424
43469,33.7139352614476,73.0883296603751,556.489268738776,0.0286574675582754,-0.168848796370822
43470,33.7139352999421,73.0883297685865,556.429413834587,0.0301705184181302,-0.15592091646472
43471,33.7139353829817,73.0883295209938,556.371346991276,0.0328304075657309,-0.1482201834551
43472,33.7139354263597,73.0883294711661,556.320265787654,0.0346189474542606,-0.139580112325849
43473,33.7139354576981,73.0883294288249,556.27150697168,0.0329288937606463,-0.130747637137012
43474,33.7139355001348,73.0883292543773,556.223558103433,0.0300280416545833,-0.127606897061846
43475,33.7139355022116,73.0883292490361,556.180164907826,0.029176696322411,-0.1223913698039
43476,33.7139355515046,73.0883289776829,556.135440074606,0.0266031838258927,-0.119771442395348
43477,33.7139355526866,73.0883288948629,556.09548963164,0.022134774516923,-0.11787914049799
43478,33.7139355383547,73.0883288376755,556.057954830118,0.0230998277731393,-0.116061501004778
43479,33.713935514685,73.0883287966362,556.022067253944,0.018985731026655,-0.112566980249517
43480,33.7139355027414,73.0883286425703,555.985960330581,0.0149450749615967,-0.110452656116316
43481,33.7139354582268,73.0883286715983,555.954666779842,0.00971225910712395,-0.104344616986763
43482,33.7139354033439,73.0883286939947,555.924588223221,0.00305207712984082,-0.0981547140169228
43483,33.7139353276586,73.0883289361296,555.904571685009,-0.00202914004290735,-0.0861632509536513
43484,33.7139352564636,73.0883290043788,555.881677789148,-0.00672634346868467,-0.0785813252490469
43485,33.7139351755721,73.0883291332103,555.861400858965,-0.00968670690627004,-0.0678354325702
43486,33.7139350930493,73.0883291433952,555.839890353614,-0.0144260413236168,-0.0592465048056189
43487,33.7139349999126,73.0883291423525,555.819815738359,-0.0147741125649707,-0.0514058980633212
43488,33.7139349062812,73.0883291825614,555.802634023828,-0.0126686103138831,-0.0478321985131662
43489,33.7139348088699,73.0883291525282,555.788027063245,-0.0131683498255234,-0.0456869691547785
43490,33.7139347041017,73.0883291100001,555.775055755628,-0.00504946780970611,-0.0436096073311222
43491,33.7139346255515,73.0883290187349,555.760759956669,-0.00461880455944648,-0.0402401695587071
43492,33.7139345534277,73.0883289322725,555.749468685593,0.000769109222193124,-0.0396326787207442
43493,33.7139344965554,73.0883288595227,555.73662261758,0.00343633122588614,-0.0397462829149239
43494,33.7139344425805,73.0883288279183,555.722742483718,0.00414246422241938,-0.0393004560750552
43495,33.7139343858655,73.088328831963,555.712111577159,0.00593693891485486,-0.038280620995192
43496,33.7139343459943,73.0883287834607,555.704388441285,0.00934700437288171,-0.0405487330916187
43497,33.7139343061108,73.0883287434355,555.696951356018,0.0149430578548031,-0.0418031666668494
43498,33.7139342719298,73.0883287020105,555.690565379104,0.0166220485099701,-0.0439281181738289
43499,33.7139342179235,73.0883287123142,555.682227043901,0.0174608911075578,-0.0404499784392594
43500,33.7139341627045,73.0883287127646,555.674506012117,0.0182266837194398,-0.0361178723726233
43501,33.7139341034556,73.088328712879,555.66728605493,0.0172365894959813,-0.0319878196947414
43502,33.7139340417579,73.0883287135155,555.660862087971,0.0139388487932931,-0.0307547271298424
43503,33.7139339730718,73.0883287153916,555.654740784084,0.0114616027155615,-0.0287123960529153
43504,33.7139339019153,73.0883287299271,555.649081274401,0.0108038855348276,-0.0337021747038804
43505,33.7139338225198,73.0883287456584,555.647819212871,0.0115256522506263,-0.0382264107706836
43506,33.7139337365789,73.0883287660866,555.646552714519,0.0124476613403283,-0.0421314049975055
43507,33.7139336471157,73.0883287846675,555.645437748404,0.0155726339343254,-0.0427843059912885
43508,33.713933555556,73.0883288087088,555.644400705351,0.0187098221714867,-0.0426023865947559
43509,33.7139334665197,73.0883288411512,555.643946284661,0.0215870617475752,-0.0444333514972638
43510,33.713933383658,73.0883288764602,555.643497261684,0.0223200429907298,-0.0448404169405737
43511,33.713933293176,73.0883289179044,555.642788556172,0.0213461019913743,-0.044898007205915
43512,33.7139331990082,73.0883289627689,555.641886759317,0.0250866305496214,-0.0429294122826461
43513,33.7139331031497,73.0883290060191,555.641174369026,0.0274350620788525,-0.0404530004923317
43514,33.7139330045605,73.088329051114,555.640390763758,0.0319221701571807,-0.0412875297622581
43515,33.7139329094554,73.0883290940083,555.639872717205,0.0331142932982147,-0.0424988034064148
43516,33.713932809197,73.0883291334723,555.639267338905,0.0337967438513869,-0.0468224541177084
43517,33.7139327096049,73.0883291689756,555.638696063543,0.0356480189494334,-0.0537780900117483
43518,33.7139326083898,73.0883291898677,555.638282634318,0.0395741492836469,-0.0616375233313293
43519,33.7139325070938,73.0883291942625,555.638612190727,0.0385641354413484,-0.0705791820082719
43520,33.7139324384428,73.0883291160365,555.64302715566,0.0383711841398105,-0.0824986007319285
43521,33.7139323194318,73.0883291036203,555.646663266234,0.0370383376126324,-0.0949017564824093
43522,33.7139322068649,73.0883290719634,555.652761194156,0.0317779609553906,-0.10511634558329
43523,33.713932094214,73.0883290241534,555.660102652386,0.0313476934219991,-0.116498260917278
43524,33.7139319804582,73.0883289654208,555.666814748431,0.0295813523572526,-0.127534282148211
43525,33.7139319090822,73.0883287695917,555.675670083845,0.0314376066815639,-0.142417143855341
43526,33.7139318404888,73.0883285855165,555.685160163557,0.0273743110174674,-0.152952582402816
43527,33.713931800759,73.0883282551244,555.693682902958,0.0238407726944265,-0.162287166676159
43528,33.7139317270269,73.0883281365159,555.705433621537,0.0224512061914762,-0.168205731157974
43529,33.7139316315178,73.0883281907042,555.717758342391,0.0206339357352356,-0.169610607046356
43530,33.7139315492012,73.0883282095286,555.731846815906,0.018249269876282,-0.171496718803555
43531,33.7139314815101,73.0883281994784,555.746884494321,0.0165005028131751,-0.173800873931163
43532,33.7139314301268,73.0883281672095,555.761188234203,0.0183894574091248,-0.17555203501013
43533,33.7139313980146,73.0883281160631,555.774720446439,0.0223572326120911,-0.177694233750498
43534,33.7139313829016,73.088328043662,555.790110896342,0.0213311385606069,-0.177562152069463
43535,33.7139313830469,73.0883279590111,555.806070246967,0.0237256914442009,-0.176145826294801
43536,33.7139314005724,73.0883278585412,555.821419935673,0.0226711281246416,-0.175336830017741
43537,33.7139314283322,73.0883277419024,555.836204462452,0.0184227674181172,-0.173918107773826
43538,33.7139314749004,73.088327467587,555.849598107859,0.0191903244699407,-0.175948246081722
43539,33.7139315310916,73.0883271887174,555.862785438076,0.0201366261152924,-0.180927073012879
43540,33.7139315953785,73.0883269489033,555.875548586715,0.020290842781713,-0.18341053207065
43541,33.7139316568997,73.0883269012538,555.884710345184,0.0207066618204251,-0.177462422022398
43542,33.713931741213,73.0883266715716,555.893635418033,0.0221510953169238,-0.17234261079407
43543,33.7139318228024,73.08832662996,555.902506839717,0.0230907005885334,-0.163336155905092
43544,33.713931917633,73.0883265719166,555.911035643192,0.0231440061854315,-0.154249819141022
43545,33.7139320207083,73.0883265090128,555.91934159887,0.0214671020774014,-0.141922921628274
43546,33.7139321301331,73.0883264439981,555.927344150608,0.021572873814125,-0.13511257698682
43547,33.7139322416857,73.0883263812095,555.934431920992,0.0245598553890086,-0.133691875800652
43548,33.7139323680486,73.0883261924355,555.940853947774,0.0300157889718377,-0.130053589116287
43549,33.7139325159557,73.0883259088909,555.946763033746,0.0321580189202507,-0.12443835960008
43550,33.7139326341192,73.0883258074778,555.952504739165,0.0329837875942805,-0.116839392557672
43551,33.713932768933,73.0883256000349,555.954829527996,0.0358900948328839,-0.113027460803612
43552,33.7139328712452,73.0883255486884,555.957718290156,0.0357458513961764,-0.109892347402689
43553,33.7139330112399,73.0883252641908,555.961285409518,0.038330530713945,-0.110144369247573
43554,33.7139331110119,73.0883251458903,555.965818953002,0.0376365351910405,-0.104551468549658
43555,33.7139332023768,73.0883250528101,555.970727978274,0.0341508895967309,-0.106252398040338
43556,33.7139332995912,73.0883248546009,555.974187910324,0.0310925991959697,-0.105465222973561
43557,33.713933384565,73.0883247044427,555.977689592168,0.0314878028795113,-0.106761384816644
43558,33.7139334866794,73.0883244556396,555.979656100972,0.0314407864557255,-0.107809645498981
43559,33.7139335771997,73.0883242507331,555.981431724504,0.0313260442497713,-0.107054281484577
43560,33.7139336884678,73.0883239469451,555.981120357756,0.0300636312575816,-0.112941116278227
43561,33.7139338174375,73.0883235007443,555.979274568614,0.0313667259704431,-0.120431600185242
43562,33.713933865706,73.088323521766,555.981537116924,0.0294883377765335,-0.121167089262871
43563,33.7139338810131,73.0883237738155,555.986306270584,0.0274979375026208,-0.118700777811589
43564,33.7139338706264,73.088324178957,555.993200684665,0.0245339401406946,-0.113155581498532
43565,33.7139338922526,73.0883243445317,555.99695572746,0.0256468362620122,-0.112517602120177
43566,33.7139339156327,73.0883244818331,556.000145816011,0.0250619796673204,-0.111952461727507
43567,33.7139339112385,73.0883247900778,556.005267763278,0.0235442997449605,-0.106538589395669
43568,33.7139339050858,73.0883250467098,556.010077201296,0.0212994788644043,-0.103639749784634
43569,33.7139339026399,73.0883252531493,556.013992565684,0.0194508232170421,-0.102445444323292
43570,33.7139339014047,73.0883254120845,556.017601603409,0.0155276562036177,-0.102026715299331
43571,33.7139338952963,73.0883255298302,556.021008548094,0.0171149096155407,-0.105086362382656
43572,33.7139338863288,73.0883256153601,556.023969182279,0.0213106681182011,-0.106547667390076
43573,33.7139339032602,73.0883255413027,556.025440554367,0.0273010840599553,-0.108526447959235
43574,33.7139339245901,73.0883254644091,556.026548148133,0.0307493427379052,-0.108699874039777
43575,33.7139339109587,73.0883255239934,556.031364491675,0.032113257345422,-0.103673020914762
43576,33.7139339728103,73.0883252981666,556.033353147795,0.0373357907669873,-0.0999480619780621
43577,33.7139339931916,73.0883252382826,556.037883063778,0.0414305281831393,-0.092829802120548
43578,33.7139339656388,73.0883253000763,556.044721477898,0.041044173118734,-0.0834896208656306
43579,33.7139339887725,73.0883252262605,556.049007727066,0.0414744960565935,-0.0773594896333605
43580,33.713933964163,73.0883252480443,556.055260701338,0.037508637323205,-0.0672498737027993
43581,33.7139339453761,73.0883252394585,556.061149277491,0.0343938646893556,-0.0543854573764198
43582,33.7139339377823,73.0883252108076,556.066837366205,0.0300558027331353,-0.0422592749496219
43583,33.7139339380849,73.088325166674,556.071702645393,0.024427799301425,-0.032996297205151
43584,33.7139339647042,73.088325084341,556.074434254086,0.0197976652181219,-0.0248960695841393
43585,33.7139339711933,73.0883250268004,556.078988709254,0.0154975107022428,-0.0143905891436339
43586,33.713933997677,73.088324963722,556.081398445182,0.0151830971757035,-0.00412648926569155
43587,33.7139340116681,73.088324905732,556.08520903415,0.0141555034005126,0.0036640675796728
43588,33.713934030728,73.0883248418832,556.088442801498,0.0116388402481884,0.0102689849159307
43589,33.7139340559091,73.0883247745893,556.091342090396,0.0101751346874855,0.0161803117252639
43590,33.7139340869407,73.0883246984991,556.093996549258,0.00923519423053028,0.0223170689520295
43591,33.7139341159793,73.0883245884896,556.104669726687,-0.197204135525754,-0.10305087324469
43592,33.713933917518,73.088324381355,556.079683207441,-0.00436157407099358,0.0237602414233518
43593,33.7139339728081,73.0883243143166,556.07715485245,-0.0264334709109355,-0.00422634464535085
43594,33.7139339878153,73.0883241878193,556.070089794695,-0.0499741915007848,-0.0308517230819828
43595,33.713933811909,73.0883240114508,556.075025685597,0.377253038376018,0.107208937488815
43596,33.7139345633185,73.0883242396511,556.082387793111,0.153641332013266,0.0784373646669599
43597,33.713934531388,73.0883241032961,556.082202353748,-0.371372127041582,-0.0871910032911755
43598,33.713934756577,73.0883240712704,556.089827055112,-0.273794229317919,-0.115457154304648
43599,33.713934777711,73.0883238754861,556.093239814043,-0.449537279872107,-0.128202986103164
43600,33.7139348165492,73.0883238512149,556.101161065977,-0.18350620552955,-0.135999541688038
43601,33.7139348024443,73.0883236757473,556.11239240272,-0.353513938031419,-0.190522288527461
43602,33.7139350247705,73.0883236749649,556.1224596838,-0.361608670580881,-0.174312382067375
43603,33.7139350875866,73.0883235985095,556.135296138003,-0.270185069005583,-0.129473125109543
43604,33.7139351479731,73.0883235113026,556.148388924543,-0.315545315411952,-0.148353021153944
43605,33.713935165904,73.0883234032647,556.160871140659,-0.34271831222214,-0.195303980818102
43606,33.7139351268448,73.0883232678226,556.176890035393,-0.380137934898452,-0.22280660598154
43607,33.7139355169208,73.0883233639197,556.180897454498,-0.403937634725506,-0.231211355456201
43608,33.71393524201,73.0883234343505,556.205997524085,-0.138341617659619,-0.516269961084636
43609,33.713935010167,73.0883227122897,556.249712932622,-0.349925622457127,-0.117578064268849
43610,33.7139349285162,73.0883226599996,556.266837375006,-0.27913988092853,-0.0190073216166585
43611,33.7139349623589,73.0883225995113,556.288784251316,-0.425223127836702,-0.0999540531423285
43612,33.7139348069497,73.0883224013066,556.315216009971,-0.419712397549464,-0.140013050012854
43613,33.7139348702797,73.0883229324505,556.327728972072,-0.603468720139031,-0.763731357434666
43614,33.7139359522239,73.0883203403982,556.343585480237,-0.393482265460798,-1.51932801768481
43615,33.7139417870193,73.0883129497634,556.369627892738,-0.857079118963941,-1.63985352361929
43616,33.7139397526981,73.0882973800624,556.423784123035,-1.75574557035908,-1.40519891070954
43617,33.7139351431425,73.0882755375158,556.507407310652,-1.81672841895923,-1.39838269592093
43618,33.7139248337345,73.0882493301998,556.613975149347,-2.35368167943899,-1.71566402708397
43619,33.7139097283908,73.0882216919168,556.69530995423,-2.68630019858462,-2.18021243109128
43620,33.7138909509798,73.0881874621813,556.803659409052,-2.93829832830334,-2.51795083624774
43621,33.7138681138997,73.0881472602346,556.936678626575,-2.92193799012686,-3.05673333849489
43622,33.7138431812238,73.0881032331759,557.099609570112,-3.11343401768161,-3.23775783532268
43623,33.7138176850151,73.0880581528396,557.28027874697,-3.09713489470046,-3.19065651330216
43624,33.71379073772,73.0880135398938,557.444718104322,-3.02761495324451,-3.35702213235719
43625,33.7137633251872,73.0879675239665,557.594873908674,-3.10954776062211,-3.37529889507429
43626,33.713735691461,73.0879149946728,557.768271122593,-3.13688675264306,-3.50559013836422
43627,33.713707896294,73.087864110421,557.918853853596,-3.22760001208081,-3.58816564413811
43628,33.7136793436984,73.0878103067753,558.09871257958,-3.31029185438975,-3.72824079731454
43629,33.7136515875146,73.0877558337632,558.288689940935,-3.29344129086012,-3.9416447982249
43630,33.7136222031746,73.0877037598206,558.446906873491,-3.26696296533716,-4.06848243334956
43631,33.7135919040384,73.0876509690874,558.663486726116,-3.27825575162232,-4.20324770344625
43632,33.7135623591565,73.0875968170676,558.882329334971,-3.26816850082214,-4.28049776896102
43633,33.7135336983968,73.0875440153585,559.083534284262,-3.37753430541781,-4.27444823388738
43634,33.7135060136359,73.0874894053311,559.322480596136,-3.22943300969577,-4.46736206673976
43635,33.7134770332677,73.0874338203758,559.53948417725,-3.05672564927923,-4.72011783460993
43636,33.7134478082696,73.0873773353005,559.772784292232,-3.04019046416542,-4.74913250293223
43637,33.7134189543483,73.0873215280746,559.976068369579,-3.13255801012129,-4.84386940997596
43638,33.713391858885,73.0872634251601,560.205940827029,-3.01215993648209,-4.77251151940288
43639,33.7133652769499,73.0872071859955,560.378103253199,-2.73035313775002,-4.63329664376356
43640,33.7133404869118,73.0871532288626,560.554703165311,-2.52853869908599,-4.42640796965619
43641,33.7133166013051,73.0871021580447,560.808361498406,-2.40548558224438,-4.21070370644976
43642,33.7132915179246,73.0870548992594,561.118641857756,-2.37516798267836,-4.21284492252758
43643,33.7132680577847,73.0870124419757,561.446848138003,-2.40047443662625,-4.19813662768259
43644,33.7132448025444,73.0869677149785,561.846649999032,-2.48908430983915,-4.18375099639391
43645,33.7132226156669,73.0869211071157,562.196234152652,-2.6340693149453,-4.16928359428881
43646,33.7131995784529,73.0868733747689,562.553452052874,-2.67325435808634,-4.24038415871998
43647,33.7131751451634,73.0868248935532,562.836311955005,-2.69095387172433,-4.35389777937925
43648,33.7131489558328,73.0867761996099,563.102297063451,-2.75636655225134,-4.40385975298647
43649,33.7131209859892,73.0867281388654,563.371479878202,-2.8593944445143,-4.29443863667177
43650,33.7130918133575,73.0866775516808,563.659314917866,-2.73890960865885,-4.3422494999352
43651,33.7130644939298,73.0866269152535,563.888149379287,-2.4900989072139,-4.26151481969196
43652,33.7130407695391,73.0865789247938,564.075890536886,-2.14105546554967,-3.98394201428745
43653,33.7130197819985,73.0865354238127,564.251807114808,-1.92116304018465,-3.78677463386502
43654,33.7129985778456,73.0864939924347,564.492384524783,-2.25076079009514,-3.88857754344786
43655,33.7129774865593,73.0864524722839,564.793865169398,-2.1309448199728,-3.98562185503571
43656,33.7129572854577,73.086410306315,565.047964019002,-1.77421363423775,-3.90654488062943
43657,33.7129376627821,73.0863681248971,565.28562727361,-1.46324186114727,-3.69168120845856
43658,33.7129204438622,73.0863275286329,565.477926285472,-0.637678078106263,-3.96958026888982
43659,33.7129116573403,73.0862881787569,565.726306302706,0.789676679825988,-4.3160579956037
43660,33.7129089998263,73.0862523144043,565.935612101573,1.94917422447781,-4.15807704981357
43661,33.71291684898,73.0862246494038,566.16422064323,2.38438003403803,-3.75577413615644
43662,33.7129366464699,73.0861959570433,566.344197093043,2.81415235702302,-3.56908753364154
43663,33.7129618774431,73.0861633020137,566.521752124652,3.20636592402144,-3.53458659982578
43664,33.7129894304059,73.0861292236367,566.698116391199,3.61510715374881,-3.43217776724723
43665,33.7130199245588,73.0860962611509,566.849227430765,3.97623256814631,-3.21743010775112
43666,33.7130569035122,73.0860601252254,566.987331731478,4.16030669590163,-3.27191476238494
43667,33.7130968654887,73.0860237622342,567.0790761346,4.45152285046539,-3.24417221948292
43668,33.7131388317683,73.0859885386889,567.170357258758,4.64511789593012,-3.14870150935413
43669,33.7131817974364,73.0859541024084,567.214099286823,4.79909463082422,-3.11104065547961
43670,33.7132249900114,73.0859195865834,567.238896602299,4.88413984791267,-3.06210340322125
43671,33.7132687620247,73.0858828149885,567.215096906526,4.95742318086188,-3.14094083940829
43672,33.7133140081189,73.0858451569466,567.179506995017,4.90447131130633,-3.28207729947644
43673,33.713359455278,73.0858081203059,567.110817841021,4.68764061951322,-3.22881817633465
43674,33.7134018915687,73.0857705580043,567.050619229209,4.64042058667142,-2.99836599606407
43675,33.7134433026165,73.0857336319503,566.946410310222,4.97398319781965,-2.75880451511078
43676,33.7134855096842,73.0857022128053,566.91479165596,4.85715973024341,-2.80950541378483
43677,33.7135263184936,73.0856731645483,566.816658782773,4.81137151783219,-2.88499798651137
43678,33.7135668932075,73.0856424983357,566.68528034864,4.87707322431456,-2.83830596567608
43679,33.713608063622,73.0856099174014,566.524754718645,4.96388916345785,-2.90243657048311
43680,33.7136498156854,73.0855778212063,566.353297227761,4.86058410109702,-3.08839585129909
43681,33.713692588996,73.0855460823635,566.162002428202,4.95657991021226,-3.10843485831091
43682,33.7137366223673,73.0855110704567,565.956725444878,5.13738554838099,-3.15790821079134
43683,33.7137817937612,73.085472649331,565.760094117606,5.25027254105129,-3.22130429708062
43684,33.7138264148307,73.0854359050909,565.53194059222,5.33086068902876,-3.34560420906489
43685,33.7138729340923,73.085400792424,565.308974866988,5.29215065661661,-3.49620116181036
43686,33.7139202296152,73.0853659014702,565.082913440652,5.30796880462991,-3.66026489139754
43687,33.7139667398158,73.0853286982771,564.852918564575,5.43390865826063,-3.58881870758022
43688,33.7140155239055,73.0852886880663,564.663944927277,5.5808719720061,-3.57316176984822
43689,33.7140678600859,73.0852480954409,564.469470687909,5.76510505173246,-3.55622045042213
43690,33.7141217901456,73.0852081271677,564.289603126701,5.71295794518162,-3.76596874206182
43691,33.7141767318989,73.0851687636043,564.083553861594,5.75815375459752,-3.85103886188183
43692,33.7142296879886,73.0851281928044,563.840323713841,5.79800034006551,-3.71047286761456
43693,33.7142817816454,73.0850876552052,563.652401804924,5.6500439441637,-3.58819322608019
43694,33.7143339883726,73.0850502509877,563.415610362776,5.38207547399315,-3.66283594081463
43695,33.7143852100833,73.0850129815706,563.211070518009,5.44662194833077,-3.6516385633949
43696,33.7144377756622,73.0849757056901,562.988367422251,5.64272793480742,-3.50003214165899
43697,33.7144867773897,73.0849384467304,562.771695058094,5.32186588699244,-3.30072019726582
43698,33.7145334336078,73.0849024198068,562.575351168634,4.77158323184375,-3.12219415148536
43699,33.7145779668001,73.0848672729936,562.368821121985,4.31122112149975,-2.90762967420502
43700,33.7146197478143,73.0848344525419,562.165069227107,3.39547035885465,-3.34324541316167
43701,33.7146557988133,73.0848011279976,561.907679032767,2.36205529153499,-3.42037357617264
43702,33.7146831663216,73.0847648337665,561.74475454702,1.41660977038448,-3.47332841948266
43703,33.7146997737949,73.0847247640218,561.567475927062,0.3423885409378,-3.77444630885738
43704,33.714707446493,73.0846795089521,561.420823054388,-0.313602085672738,-3.95761196059681
43705,33.7146987454356,73.0846301728295,561.312073608628,-0.945649799934229,-4.0956575666566
43706,33.7146826990755,73.0845793513808,561.198437621817,-1.64362761147402,-4.24973080928986
43707,33.7146623843682,73.084528205998,561.091072732816,-2.30067939439369,-4.26867267111931
43708,33.7146377535907,73.0844763318766,560.995146460133,-2.61687424818961,-4.45218630440136
43709,33.7146099205048,73.0844254686989,560.892135787522,-2.71598383967413,-4.80106693949808
43710,33.7145807469135,73.084374545411,560.810292921495,-2.78066850059161,-5.11083485264852
43711,33.7145502108663,73.0843211179173,560.723652271554,-3.09717815158054,-5.18768802656695
43712,33.7145199355135,73.0842661572306,560.662328458624,-3.39983300062252,-5.17083589063296
43713,33.7144893594079,73.0842096713321,560.610526611796,-3.53217489718588,-5.28917179843025
43714,33.7144555146718,73.0841525322316,560.565336808097,-3.52621643994784,-5.50498858712577
43715,33.7144222633425,73.0840935145311,560.542200847063,-3.62060335418672,-5.57728589486765
43716,33.7143904557761,73.0840329613587,560.526750362944,-3.65189349109779,-5.66733178907867
43717,33.7143587060482,73.0839724755777,560.50977075682,-3.70123696779814,-5.71584025595125
43718,33.7143271851658,73.0839111705522,560.499748957809,-3.71798238472176,-5.78952561886919
43719,33.7142949298416,73.0838484484673,560.503400245681,-3.85101218418088,-5.80825618106171
43720,33.7142620070921,73.0837874883824,560.51523290528,-3.92917354171343,-5.84293426752958
43721,33.7142285727622,73.0837272637837,560.534089507535,-4.0111681247541,-5.80348637923459
43722,33.7141947392409,73.0836660734775,560.551090474008,-3.89984003270625,-5.93108846769685
43723,33.7141614271639,73.0836045063937,560.553267455893,-3.79706768268156,-6.08162655630011
43724,33.714130465742,73.0835421459957,560.573200871237,-3.91558353312177,-6.05663589242439
43725,33.7140983497032,73.083478767768,560.582694517681,-3.91545715697012,-6.05123475939301
43726,33.7140657837433,73.0834133264686,560.606172878994,-3.98162784356748,-6.03020113821132
43727,33.7140347024993,73.0833483938631,560.620839354116,-4.08211968207956,-6.02125177587887
43728,33.7140020081988,73.0832842484445,560.647591184592,-3.8992812480537,-5.88240273382763
43729,33.7139690535735,73.0832208725101,560.678344832035,-3.74026251802236,-5.95179965164133
43730,33.7139364725545,73.0831593497097,560.727319037542,-3.76716765300939,-5.85450365235688
43731,33.7139042028863,73.0830977534363,560.798739228165,-3.77305954987011,-5.73548919591839
43732,33.7138736832913,73.0830342293849,560.869343557628,-3.57059872736743,-5.76785961941297
43733,33.7138438556568,73.0829707685236,560.938235040754,-3.47673794198353,-5.74867828872996
43734,33.7138144872441,73.0829093116173,561.022663846612,-3.50734548033156,-5.67799813164134
43735,33.7137855693023,73.082850102655,561.10681402334,-3.37268869175757,-5.61900331067184
43736,33.7137566911897,73.0827910110806,561.17460340634,-3.20671011076321,-5.49197839957783
43737,33.713728108128,73.0827320231228,561.268501045415,-3.03254659037971,-5.13386263799238
43738,33.7137016818927,73.0826755856478,561.346057959832,-2.70872535933445,-4.73035711705757
43739,33.7136768988591,73.0826214007727,561.439459953457,-2.76708879905538,-4.80964141525991
43740,33.7136542169721,73.0825716971661,561.531567616388,-2.76129627455233,-5.37833962579151
43741,33.7136322921318,73.0825227062809,561.592890938045,-2.91000319289699,-5.75364015247264
43742,33.7136093164716,73.0824673747794,561.638653731439,-3.17258755688291,-6.05921173587956
43743,33.7135859691382,73.0824001855801,561.676948298234,-3.81033730631533,-6.16564232285225
43744,33.7135548782755,73.0823277248021,561.70383442333,-4.07315926441645,-6.57723710847615
43745,33.7135193255166,73.0822515370498,561.709175121039,-3.91373496960483,-7.29042609087407
43746,33.7134809894125,73.0821694184379,561.708209391451,-4.23950439668337,-7.80104556417803
43747,33.7134383640104,73.0820823466434,561.706242757151,-4.74019876113608,-8.30661357878442
43748,33.7133922306501,73.0819897116111,561.712991775945,-5.17984610370327,-8.72110797511267
43749,33.7133445873685,73.0818935497774,561.686225459911,-5.14401887218385,-8.75035401336945
43750,33.7132927212989,73.0817908508472,561.657553342171,-4.79514503344268,-8.40386821048178
43751,33.7132385414662,73.0816851944707,561.629942335887,-4.57406213339058,-8.18593482520083
43752,33.7131889290977,73.0815825484084,561.598636621842,-4.76396555467565,-8.31648064857786
43753,33.7131417432062,73.0814844685924,561.603624055628,-4.63173458340011,-8.51614519948446
43754,33.7130932226021,73.0813899410414,561.609225415159,-4.8460305884313,-8.592860308592
43755,33.7130427627811,73.0813012519801,561.62638638611,-5.13021078840935,-8.00076837500749
43756,33.712992634192,73.0812169319374,561.621776248096,-5.22337361572863,-7.97688427922132
43757,33.7129444380027,73.0811337766794,561.635442594066,-5.44947597453844,-8.04530339508347
43758,33.7128971518203,73.0810492073077,561.633762845537,-5.416194260093,-7.936898466443
43759,33.7128497604015,73.0809639115625,561.615035056369,-5.25388882124516,-8.05633023621475
43760,33.7128032980288,73.0808787652697,561.579405589728,-4.92479595165512,-8.27356297521153
43761,33.7127569942852,73.0807916883748,561.579829798779,-4.73152514201118,-8.34377793195852
43762,33.7127093556644,73.0807051215555,561.572271049256,-4.7492449913592,-8.28717109240725
43763,33.7126628789666,73.0806176766935,561.591285221511,-5.08843154809905,-8.0244888607555
43764,33.7126155252771,73.0805289948751,561.622582654003,-5.10265879082864,-7.93747292370723
43765,33.7125682731602,73.0804409924361,561.60574663803,-5.01829303820727,-7.92611262199108
43766,33.7125229133383,73.0803539722068,561.615717535606,-5.02658905437702,-7.94617682701737
43767,33.7124787548389,73.0802694623104,561.573054709705,-4.94484497356414,-7.90649120014924
43768,33.7124346314484,73.0801856981923,561.554079342168,-4.9225782093148,-7.86783413585744
43769,33.7123909842513,73.0801016817881,561.517797467532,-4.96885076958221,-7.75180548250876
43770,33.7123482343145,73.0800179802445,561.471019262215,-4.74132401655979,-7.86649533920385
43771,33.712305271974,73.0799352494459,561.428613299271,-4.71465541004149,-7.95408537840977
43772,33.712262752083,73.0798511293916,561.381402153056,-4.76016004569877,-7.96867010563445
43773,33.7122196435527,73.0797648524252,561.352367514977,-4.77755766971313,-7.97540121294092
43774,33.7121738082833,73.0796773084834,561.299549611751,-4.86826546232963,-8.0839116300585
43775,33.7121273867373,73.0795897740252,561.287960871588,-4.97213980235211,-8.08413571349207
43776,33.7120816005566,73.0795049482878,561.280529183103,-5.08479341440498,-8.05613274487023
43777,33.7120361786229,73.079418154917,561.236196254147,-5.11249092712423,-8.0523678817028
43778,33.711990338395,73.0793291452994,561.185939301969,-4.94553292665464,-8.24293317535057
43779,33.7119455317306,73.0792372649872,561.196664009243,-5.04913945644501,-8.41631606668341
43780,33.7119011375765,73.0791447900672,561.263663562946,-5.10903929533887,-8.55540035676592
43781,33.7118563367957,73.0790526867349,561.315879912814,-5.174114017772,-8.71450770736345
43782,33.7118088536993,73.0789591850911,561.344096770743,-5.44263253156381,-8.76364661845666
43783,33.711761390944,73.0788652939783,561.376832116628,-5.34285978436017,-8.71956480925195
43784,33.7117127937499,73.078770801315,561.381415235344,-5.14683182557323,-8.7968210779514
43785,33.7116605576242,73.0786761776973,561.413033207646,-5.17147180847718,-8.70135769318184
43786,33.7116045705531,73.0785813905466,561.456558404025,-5.31989639147041,-8.61822798638006
43787,33.7115509257615,73.078486071196,561.473204922397,-5.39050411830003,-8.56593368223585
43788,33.7114996300502,73.0783896549482,561.52075130865,-5.45061072017354,-8.54323459106724
43789,33.7114502788916,73.0782945089714,561.540471111657,-5.31891345802543,-8.58949455868655
43790,33.7114023449032,73.0781997894427,561.553286032286,-5.38056979212612,-8.51810727968083
43791,33.711355271171,73.078104126065,561.550905287033,-5.41943010120582,-8.48948151459492
43792,33.7113074967054,73.0780106539855,561.549465402728,-5.43612575096563,-8.47113589080423
43793,33.7112570622729,73.0779175093808,561.521928292466,-5.25584496346671,-8.20482955843749
43794,33.7112076824417,73.0778267852161,561.492214953061,-4.9325277798988,-7.79815270586403
43795,33.7111636869734,73.0777422867484,561.471979395719,-4.48101407404579,-7.29700398960737
43796,33.7111222908828,73.0776620444003,561.432307171868,-4.88952120804169,-6.94804305616585
43797,33.7110799213497,73.077588329865,561.383909879718,-5.85527872033138,-6.32597457807508
43798,33.7110322238626,73.0775212572277,561.323352993699,-6.53342343711299,-5.56737992652765
43799,33.7109753067442,73.0774622751585,561.235125649953,-7.02390434033453,-4.94929075352803
43800,33.7109105786919,73.07741171781,561.219742330024,-7.1987710542909,-4.79987684363703
43801,33.7108459701443,73.0773585871296,561.448881125543,-7.08740706768369,-5.13535581318984
43802,33.7107833691665,73.0772993253841,561.588993241079,-6.82487964989214,-5.89216784785962
43803,33.7107235682178,73.0772318387883,561.790168209234,-6.42350910911316,-6.59670562238599
43804,33.7106679558794,73.0771562117675,562.039971676422,-5.89959351122144,-7.41314746621337
43805,33.7106168816565,73.0770734505521,562.313553421525,-5.49360295454609,-7.88202837115299
43806,33.71056792613,73.0769865084852,562.523741953541,-5.41909601751943,-8.20884651266619
43807,33.7105182114828,73.0768978016262,562.663500959054,-5.67266260490494,-8.19922479364322
43808,33.7104653684381,73.076811712579,562.852134104585,-6.0508718654989,-7.63420921255841
43809,33.7104085489246,73.0767374552612,562.998011180433,-6.53639910806561,-5.99031558082414
43810,33.7103500412465,73.0766805446915,563.143711135257,-6.25794275742371,-4.7372159502878
43811,33.7102973464098,73.0766309727077,563.419630035525,-5.33020475159425,-4.5377179642141
43812,33.7102550403764,73.0765823713567,563.675874536857,-3.98329164771587,-4.52317923198731
43813,33.7102260460962,73.0765318317539,563.957965923939,-2.48680633233359,-4.89417561104817
43814,33.7102106966877,73.0764733463635,564.218904587673,-0.927812378264179,-6.09327483594441
43815,33.7102077241516,73.0764010737567,564.386292606592,0.352842205340539,-7.2691946278325
43816,33.7102217079042,73.0763180326767,564.528691377724,2.92735094377841,-7.95280449764155
43817,33.7102606410927,73.0762332124208,564.72810913343,5.58079229788264,-7.64760350401693
43818,33.7103203436411,73.0761540539792,564.888963741018,7.4939723194729,-7.05171949353124
43819,33.7103931475632,73.0760793602759,565.050401289715,8.384859816355,-6.84860147770409
43820,33.7104724332582,73.0760043683116,565.177318747388,9.22386055111158,-6.97024330465174
43821,33.7103173180911,73.0761145238481,561.089199890615,7.89122358171373,-5.40548373165585
43822,33.7103523763976,73.0760862083877,558.820178697584,7.98445382065241,-5.46731312905426
43823,33.710422721322,73.0760429654978,557.394676863682,8.16854119646773,-5.74146713104832
43824,33.710503957565,73.0759955696034,555.855572711909,8.45379199749686,-5.88721443307143
43825,33.7105910657683,73.0759407652725,554.607369442703,8.59013583719549,-5.87408396413748
43826,33.7106754777076,73.0758833497707,553.657275571488,8.59882572348642,-5.60770328315107
43827,33.7107624769663,73.0758285801319,552.515794250648,8.82693527340892,-5.59087608871493
43828,33.7108483530848,73.0757729360472,551.670530718286,8.93280352492185,-5.6290287572276
43829,33.7109335218397,73.0757178600462,550.847812138265,8.93584550437581,-5.54655546549282
43830,33.7110177355383,73.0756619177254,550.15886254888,9.06391973497938,-5.38832758549512
43831,33.7111007653309,73.0756059972336,549.692097196821,9.0248451202436,-5.24577557468165
43832,33.7111829322824,73.0755508439721,549.403641412733,8.97247031859057,-5.17086582777842
43833,33.7112640505039,73.0754961432321,549.163636250189,8.82384234325298,-5.22859875772865
43834,33.7113435249836,73.0754411964637,548.914546215907,8.69261232049265,-5.17460014701751
43835,33.7114206735901,73.0753861607474,548.688489957014,8.55253748852686,-5.12833672498973
43836,33.7114961251916,73.075330189348,548.475870720576,8.52316148207948,-5.0930637677588
43837,33.7115726941934,73.0752737563418,548.245332116028,8.37978716590068,-5.42736754475777
43838,33.7116496838399,73.0752157828006,548.05312963645,8.34841255506367,-5.44979053076611
43839,33.7117271493563,73.0751589805835,547.880746723851,8.64155300927953,-5.12798826104111
43840,33.7118046731694,73.0751048072666,547.744467837038,8.68866567204381,-5.19272122045299
43841,33.7118829903732,73.0750512706627,547.619734705193,8.72998299108447,-5.31868068903726
43842,33.7119610285144,73.0749968163424,547.501349217724,8.8255022713333,-5.31696159247779
43843,33.7120388058906,73.0749422146571,547.391470625531,8.98318358103483,-5.35415733042353
43844,33.7121172189347,73.0748863167627,547.308754044818,9.15411515761856,-5.1990192193223
43845,33.7121962968482,73.0748301141837,547.256107567344,9.08902154962036,-5.27996702288078
43846,33.7122775890617,73.0747730575001,547.203534074361,8.98612157508919,-5.27949514726058
43847,33.7123593343481,73.0747150625316,547.143779034493,9.03168688949725,-5.15010156249406
43848,33.712441417913,73.0746582214504,547.018605980556,8.97099387576699,-5.34918340675435
43849,33.712524297206,73.0746011326859,546.975518323248,9.01227590755515,-5.58066840970043
43850,33.7126054477141,73.0745431353858,546.951636717422,9.10680112324357,-5.6347495476298
43851,33.7126840380762,73.0744842156149,546.999963309849,9.11799447738013,-5.60282261303174
43852,33.7127615847702,73.0744225673875,547.078533395892,9.13757399665799,-5.63806525765499
43853,33.712840504524,73.0743599456615,547.169291408034,9.04303486493219,-5.64078533783783
43854,33.7129222675019,73.0742976512719,547.257275862386,9.07809778373099,-5.55426106816477
43855,33.7130048270955,73.0742344930275,547.368448036257,9.00855834742571,-5.57223865759177
43856,33.7130871480746,73.0741686932325,547.510344157228,8.91326311564803,-5.51287198169698
43857,33.7131694990007,73.0741043871651,547.70315971761,8.6504864787382,-5.59271736480619
43858,33.7132524002212,73.0740416375334,547.918122580741,8.24306177328886,-5.44888668501397
43859,33.7133401153949,73.0739813307465,548.204190967605,7.56198992234177,-4.55731763909187
43860,33.7134250742107,73.073926304813,548.477711126674,7.0691478465478,-3.95336200659253
43861,33.7135066025441,73.0738793530622,548.76121601928,6.86338529154962,-3.37156000368613
43862,33.7135732119788,73.073844642165,549.075925898505,7.15250617400035,-3.38591000038582
43863,33.7136268113278,73.0738176190796,549.371055659605,6.55302204631187,-4.50654309554744
43864,33.7136786292644,73.0737853640616,549.682449579705,6.57789651573484,-4.55284126552891
43865,33.7137285765831,73.0737414642922,550.026446635136,6.82868383877986,-4.43999528263531
43866,33.7137812694082,73.0736931509905,550.349782089237,7.0077123232569,-4.48456761155869
43867,33.7138368825213,73.0736446681319,550.625628873007,7.11559706659646,-4.60604675555612
43868,33.7138970579757,73.0735957287355,550.88291140506,7.32173677009115,-4.69499497012443
43869,33.7139607573639,73.0735482080429,551.128623865545,7.43344848409674,-4.75768238604381
43870,33.714027236944,73.0734981674266,551.396852614824,7.50796166565434,-4.96894498358639
43871,33.7140953825905,73.0734470593613,551.711616625777,7.6648111646603,-5.07322914808307
43872,33.7141650367917,73.0733950335614,551.999038720038,7.85460574182491,-5.1351323989791
43873,33.7142365502213,73.0733416490671,552.294840700226,7.98409512827159,-5.25096071924955
43874,33.714311652203,73.0732855048778,552.597402079962,8.09143300000921,-5.37473950780645
43875,33.7143869185218,73.0732296177604,552.866546362871,8.2139230914588,-5.4662599012196
43876,33.7144610608501,73.0731725665557,553.123953696573,8.36749427711902,-5.50194532395374
43877,33.7145376822184,73.0731150054436,553.431915268768,8.42916247658583,-5.72187947976958
43878,33.7146163038119,73.0730544375265,553.707742263796,8.49342521076451,-5.72009345292332
43879,33.7146968991878,73.0729920987253,553.998990834225,8.59720605051485,-5.74449986328806
43880,33.7147782870126,73.0729302210654,554.232970522717,8.62729988161426,-5.80260865593945
43881,33.7148590810548,73.0728674576665,554.462778229965,8.41202388099318,-5.75827598743831
43882,33.7149392311905,73.0728049528834,554.695638668258,8.24186422237309,-5.53043278835357
43883,33.7150179616603,73.0727458725894,555.086548672291,8.22577754623151,-5.60861526016403
43884,33.7150960038544,73.0726872434211,555.465461449232,8.3417668749126,-5.8083108705922
43885,33.7151775035191,73.0726247390052,555.817763959989,8.52899632405742,-5.86154065201191
43886,33.7152598781406,73.0725592079085,556.124314326094,8.79832630398431,-5.77321629482232
43887,33.7153414655336,73.0724926650279,556.371971842134,8.94739133675992,-5.8746628293836
43888,33.7154229892041,73.0724248713868,556.659016512567,8.66528295848393,-6.04370668339696
43889,33.7155048854364,73.0723576539171,556.9289506122,8.29802467384469,-6.01631411718116
43890,33.7155866634434,73.07228939808,557.212978353258,8.30044426407946,-5.70273999536213
43891,33.7156631860003,73.0722228446575,557.472898317967,8.40895288697453,-5.58752741042477
43892,33.7157397964205,73.0721609935388,557.705903086113,8.46120621974217,-5.6754497006414
43893,33.7158179682302,73.0721009008402,557.93839875469,8.3245780066561,-5.68393498470377
43894,33.7158968690801,73.0720419889657,558.189726782497,7.79894108135118,-5.43935001031435
43895,33.7159726228894,73.0719826049719,558.395968873287,7.202087269758,-5.31246050761512
43896,33.7160469533966,73.0719241849413,558.60215689824,6.98277546160883,-5.32789606898452
43897,33.7161151425291,73.0718688689572,558.726638590917,7.18203813949814,-5.39048970797386
43898,33.7161838252442,73.071813242691,558.885833284818,7.4092986117205,-5.32172427139522
43899,33.7162517728331,73.0717571491421,559.03744824091,7.6035056065231,-5.41970809126119
43900,33.7163203652461,73.0717000729329,559.195867412491,7.29758858369266,-5.2412090790455
43901,33.7163817332936,73.0716473808582,559.683851365931,6.11824948279182,-4.44646021819711
43902,33.7164285802708,73.0716030337825,560.132852555253,4.27907329822936,-3.78652329056471
43903,33.7164582941976,73.0715658783098,560.444537947187,2.1895325097795,-3.20404849239226
43904,33.7164661372503,73.0715267117613,560.396656196332,-0.567916823370877,-4.13660975494565
43905,33.7164504330125,73.0714799838384,560.24843152659,-2.70328013342769,-4.47938366349826
43906,33.7164220570296,73.0714291478565,560.097884396324,-3.30767772834576,-4.85860702328897
43907,33.7163889414375,73.0713715072751,559.891546161845,-3.94651666749744,-5.73488578767624
43908,33.716351083958,73.0713058044597,559.666737971362,-4.47177776758314,-6.44574260748757
43909,33.7163080142861,73.0712330835862,559.418871937087,-5.04075841581929,-6.93144040721997
43910,33.7162613482396,73.0711561724634,559.147235668963,-5.35386948129352,-7.414155056028
43911,33.7162108426305,73.0710745996963,558.84491677559,-5.85070317686477,-7.59364976126449
43912,33.7161560262693,73.0709918203278,558.499520763522,-6.21472025336761,-7.76111430342175
43913,33.7160988153253,73.0709065105769,558.144358035643,-6.44763566620919,-8.09023969478551
43914,33.7160403912051,73.0708180144983,557.769306953531,-6.55702506827932,-8.35224764925206
43915,33.7159803168089,73.0707271408122,557.369822822977,-6.80478459487885,-8.52415415091235
43916,33.7159184270485,73.0706349600832,557.034820806701,-6.92716478308308,-8.60997752318797
43917,33.7158555508494,73.0705418938193,556.798712370684,-7.0009618583451,-8.65867201257495
43918,33.7157932656766,73.0704469070481,556.454710188555,-6.6948294057488,-9.0612909182412
43919,33.7157345819282,73.0703449408762,556.187224986497,-6.41502847267857,-9.77997263973195
43920,33.7156749204715,73.0702372643282,555.858351115836,-6.92312191550962,-10.1533082519158
43921,33.7157498385928,73.0701012584486,559.962945404463,-6.22383876976578,-10.4319002756709
43922,33.7157074016318,73.069965633446,560.7926804116,-6.43597063604758,-10.5949453261186
43923,33.7156518284047,73.0698361504701,561.124501357554,-6.69761169440779,-10.6441606238497
43924,33.7155948856466,73.0697103448235,561.382199575892,-7.02289160453551,-10.8471649723327
43925,33.7155303592219,73.0695799864402,561.672128542559,-6.91931219096773,-10.9296816474295
43926,33.715463528537,73.0694502779856,561.868571474915,-6.90439044941489,-10.9454332578013
43927,33.7154003401403,73.0693236977528,562.074092342053,-6.83047180504187,-10.9319192282657
43928,33.7153368357918,73.0692008676066,562.287537530763,-6.80499358078479,-10.8437785230512
43929,33.7152728360133,73.0690825419294,562.465803430183,-6.63089722638461,-10.6888733167338
43930,33.7152096929869,73.0689658179685,562.649328776402,-6.77675908082484,-10.6523325221442
43931,33.715147600345,73.0688501069409,562.781870422652,-6.90616487574373,-10.7093553248873
43932,33.7150848220142,73.068734519725,562.899683813797,-7.09768362860686,-10.7938438350394
43933,33.7150226595945,73.0686184941308,563.010000100126,-7.21770158177692,-10.9597133489532
43934,33.7149582561027,73.0685008165067,563.14088096004,-7.30637506561857,-11.1830561434092
43935,33.714891917115,73.0683811854246,563.287639529677,-7.31889678558212,-11.4408214433318
43936,33.7148248947114,73.0682576827578,563.430105715059,-7.54389688606067,-11.7316594855549
43937,33.7147548921221,73.0681308657608,563.57744393195,-7.90131886587078,-11.9741277149376
43938,33.71468380902,73.0680025918197,563.698510849616,-8.16431207922794,-12.0891314736507
43939,33.7146120203857,73.0678727509925,563.79570347839,-8.13464997036198,-12.0862182588082
43940,33.71453931737,73.0677411601922,563.906693479512,-7.98634430798032,-11.9434113980197
43941,33.7144650869358,73.0676085813112,563.993808908388,-7.70844478580494,-11.7684299099983
43942,33.7143927451823,73.0674775022863,564.080801554024,-7.54136471292582,-11.4679104435487
43943,33.7143239918479,73.0673479717956,564.167226985563,-7.53059976916404,-11.4580265381012
43944,33.7142565388977,73.0672211715401,564.23805144988,-7.69509448477761,-11.8556521730994
43945,33.7141882951201,73.0670950047946,564.299352985574,-8.05243302101697,-12.0762441186001
43946,33.7141186915883,73.0669688587151,564.362471298315,-8.21669193020407,-12.2727457941467
43947,33.7140451690463,73.0668402120825,564.436632916098,-8.25868183622128,-12.487824410519
43948,33.7139692226214,73.0667054529747,564.544909576885,-8.05296151377239,-12.3053755103913
43949,33.7138937488418,73.0665696107983,564.627306905342,-8.02876858680439,-11.8989529755833
43950,33.7138209052093,73.0664382583398,564.665016852319,-7.86206829168812,-11.819511657365
43951,33.713751223726,73.0663089834648,564.76306013437,-7.93421500950814,-11.5972611510133
43952,33.7136837307022,73.0661814990077,564.870093123289,-7.85244731707453,-11.390413957227
43953,33.7136160546752,73.0660545491884,564.963955296669,-7.58275297470411,-11.3724210795498
43954,33.7135487301492,73.065927243077,565.062536585145,-7.51986575551054,-11.2315962717902
43955,33.7134840529772,73.0658015574018,565.173157961806,-7.37517209407164,-11.1597813729822
43956,33.7134221282938,73.0656793706679,565.247320980765,-7.34468907821548,-11.1019439264663
43957,33.713359827948,73.0655630715784,565.311220919015,-7.42762548890444,-11.121627814519
43958,33.7132970719748,73.0654484830174,565.360935277538,-7.34444179758817,-11.0761661450766
43959,33.7132344397156,73.0653337746528,565.423942454392,-7.43749406479548,-11.0862353517616
43960,33.7131721367879,73.0652178934217,565.498127540108,-7.55429369089953,-11.0059844431395
43961,33.7131095891911,73.0651014310507,565.570411415771,-7.45791318497592,-11.0047755337114
43962,33.7130476974362,73.0649847748641,565.644980999408,-7.2859482185143,-11.07185931342
43963,33.7129856667945,73.0648682502242,565.695797297638,-7.19586954083061,-11.1303911747997
43964,33.7129229463774,73.0647493114197,565.734930499224,-7.27558175335101,-11.0963774659688
43965,33.7128604487398,73.0646262702628,565.794717911864,-7.23646432511387,-11.3673848776139
43966,33.7127986117097,73.0645003283287,565.791340885684,-7.20382990687451,-11.5701167722223
43967,33.7127374430636,73.0643723893581,565.811430101283,-7.063955523594,-11.7227575792646
43968,33.7126774336534,73.0642437950816,565.78479027003,-7.13302107300855,-11.8380904176612
43969,33.7126168528096,73.0641164197885,565.777558772126,-7.065332029248,-11.7628044071957
43970,33.7125586979875,73.0639874359188,565.806946649915,-6.97127769253081,-11.8051656935445
43971,33.712500560078,73.0638592329632,565.829753346043,-6.92493474291638,-11.8125929185702
43972,33.7124406783533,73.0637356883165,565.913752813824,-6.92845662409748,-11.6287559156644
43973,33.7123794131549,73.0636132321191,565.945850096177,-7.01203832446303,-11.5905006099714
43974,33.7123178892846,73.0634904954583,566.058967240853,-6.97884866293353,-11.6241188820047
43975,33.7122564330229,73.06336990583,566.143399652094,-7.04959587632979,-11.4856257799891
43976,33.7121923816703,73.0632484471344,566.213219332974,-7.18115522224153,-11.2508512490933
43977,33.7121270352203,73.0631252113636,566.346598655917,-7.04823815338844,-11.1840871566032
43978,33.7120622811547,73.0630015190985,566.430513139581,-6.95153600652305,-11.2934140133972
43979,33.7119963235072,73.0628758200521,566.545309720794,-6.86617078855487,-11.3672881728583
43980,33.7119298200245,73.0627494304536,566.683375658002,-7.03761475039909,-11.3139756243549
43981,33.7118648523667,73.0626259610266,566.80935764825,-6.96238601961821,-11.3560192859519
43982,33.7118009338806,73.0625067070936,566.910417329287,-6.76656221738684,-11.5323434472698
43983,33.7117370239065,73.0623861248427,567.022338327486,-6.7866745750356,-11.5686693731652
43984,33.7116748976951,73.0622613229536,567.1104771432,-6.90402765705893,-11.5053521197569
43985,33.7116173520982,73.0621332337255,567.187863837928,-7.10358316476974,-11.4165095324114
43986,33.7115606615913,73.062004656501,567.251544048777,-7.02580816716131,-11.5292709007421
43987,33.7114996232506,73.0618768117952,567.305948064197,-7.12549584986751,-11.5626420822106
43988,33.7114354430892,73.0617494101547,567.344270257046,-7.1787948669778,-11.5981851556845
43989,33.71136923789,73.0616225623994,567.397750155535,-7.18528563858379,-11.666747951234
43990,33.7113037627275,73.0614976326916,567.425159135601,-7.25530241614384,-11.7603715060744
43991,33.7112388326629,73.061375435478,567.461176310433,-7.40088011505974,-11.6618775180388
43992,33.7111726870512,73.0612489702301,567.468700650847,-7.68280329935743,-11.4470066292453
43993,33.711103070707,73.0611191021857,567.488501949236,-7.5154520492677,-11.8224844959107
43994,33.7110324595151,73.0609884920029,567.529106920818,-7.41852170067022,-11.9372935180338
43995,33.7109637918909,73.0608595087648,567.581009727437,-7.21738159826495,-12.1306055026729
43996,33.710898124711,73.0607292253085,567.611329304986,-7.34341877900058,-11.9987626982901
43997,33.7108327104545,73.0605994489221,567.636372431414,-7.5200246712411,-12.0146350995686
43998,33.7107669357418,73.0604702370357,567.611400752096,-7.52472446704351,-12.1482517389823
43999,33.7107016430555,73.0603391887146,567.627183496952,-7.54588271613662,-12.1877115561026
44000,33.7106359380277,73.0602075542456,567.654972922523,-7.51925705624997,-12.2144332768907
44001,33.7105682097168,73.060075945574,567.703748859232,-7.57688845982933,-12.1602376268462
44002,33.7104996039173,73.059945668485,567.75809482648,-7.63367890448262,-12.0072292632095
44003,33.7104312085338,73.0598171199984,567.810484939953,-7.47291935320874,-11.737596100836
44004,33.710365333533,73.0596927189214,567.83053723909,-7.15141240590408,-11.3351461187092
44005,33.710302475977,73.0595732587742,568.057117727585,-6.83964702666122,-10.8384819378568
44006,33.7102419376841,73.059458931434,568.198203061242,-6.57661284365967,-10.3386723763453
44007,33.7101830107278,73.0593475890006,568.297112096567,-6.39893477394841,-10.2778896968077
44008,33.7101260698026,73.0592365910136,568.457311852137,-6.24346384430328,-10.2906705601091
44009,33.7100698947426,73.0591238976719,568.588681114139,-6.20468897230681,-10.6152435636812
44010,33.7100137130431,73.0590078332166,568.744489854435,-6.28713795613062,-10.8738182344519
44011,33.7099560963224,73.0588896954168,568.880146142095,-6.48152658021207,-11.003741949835
44012,33.7098962343142,73.0587699016414,569.031931553502,-6.74382680698748,-11.2067121255627
44013,33.7098351563159,73.0586478290594,569.184805801837,-6.7875340446608,-11.4310903355842
44014,33.7097726893975,73.0585238595146,569.33656573575,-7.06769792965014,-11.4737840392401
44015,33.7097082586062,73.0583991274785,569.489378036,-7.20807056873546,-11.6050695704042
44016,33.7096418463567,73.0582739891599,569.647013161331,-7.48335059950291,-11.5259423354538
44017,33.7095741641018,73.0581487327128,569.812428436708,-7.49952048195989,-11.7205766381181
44018,33.7095067919401,73.058021559536,569.991600679932,-7.49457878199797,-11.8657098858191
44019,33.7094387956007,73.0578932236079,570.175601789262,-7.57157358421411,-11.9049750522801
44020,33.7093705860574,73.0577635171237,570.355355840875,-7.50819377266178,-12.0983748447231
44021,33.7093492150934,73.0576996247714,567.022194081685,-7.30399658446948,-11.5815635206677
44022,33.7092879397166,73.0575664835124,566.107063759817,-7.25625229825182,-11.6747453222768
44023,33.7092179269807,73.0574430001195,565.403117747977,-7.23271537291535,-11.6850778639754
44024,33.7091481537217,73.0573171408062,564.698504842818,-7.41228421398625,-11.5985857925014
44025,33.7090785214948,73.0571912927817,564.198649526807,-7.38975545498282,-11.7693335633628
44026,33.7090069508707,73.0570626525997,563.738495347556,-7.49878910430238,-11.817136703295
44027,33.7089374582933,73.0569312849546,563.283436338184,-7.43530253264072,-11.9866894855502
44028,33.7088699082976,73.0568008627496,562.915856137173,-7.45178069652367,-12.1396942164425
44029,33.7088026948395,73.0566693425694,562.59597834642,-7.44668207435382,-12.0288217292856
44030,33.7087338894475,73.0565358491743,562.344823523425,-7.14768226116825,-11.7738019262488
44031,33.7086658759432,73.0564059798093,562.098724495852,-6.70338632709296,-11.3101031531865
44032,33.708601223153,73.0562800463585,561.920154917752,-5.93329995862788,-10.512133166697
44033,33.7085415772854,73.0561592110828,561.720746950014,-5.43297992580793,-9.48662059770891
44034,33.7084862506127,73.0560436022334,561.540876539424,-5.61228367868335,-9.36744689145632
44035,33.708433675917,73.0559367284303,561.423609622521,-5.47705137002536,-9.2437297016105
44036,33.7083840314836,73.0558452288537,561.207072380232,-5.59166430573129,-9.106902689848
44037,33.7083387933969,73.0557599387257,560.9817354728,-5.92223625040225,-8.86508864162918
44038,33.7082925964843,73.0556784662466,560.754914595978,-6.15351727464044,-8.47581160329239
44039,33.7082436493671,73.0555994389865,560.528977786191,-6.16532762646685,-8.20273136740654
44040,33.7081914536028,73.0555194919562,560.312237167032,-6.3945981882052,-7.99582267773333
44041,33.7081364194697,73.0554370567526,560.126576496987,-6.79391008700572,-7.63349055814423
44042,33.7080777905483,73.0553554524912,560.013542506844,-6.92558523193376,-7.41912402073927
44043,33.7080168730259,73.0552762176512,559.933222572552,-6.837687255242,-7.03422700516852
44044,33.7079528223837,73.0552038816958,559.872155047022,-6.35230334595054,-6.1930334869804
44045,33.7078872646856,73.0551372499022,559.852213395992,-5.72780010523176,-5.33271820640705
44046,33.7078248719946,73.0550768169137,559.848883747822,-6.20782987982461,-3.70690301401177
44047,33.7077611061791,73.0550256208425,559.816986411344,-6.76928754107505,-1.65500183175584
44048,33.7076956955368,73.0549964748172,559.879557714565,-7.02158065752267,-0.0480153172994178
44049,33.7076283005426,73.0549883708031,559.981934241252,-7.18195758443271,0.822877000015591
44050,33.7075608592737,73.0550060475873,560.036092059687,-7.52615842834486,1.47548804927736
44051,33.7074896812558,73.0550461255553,560.05426340038,-8.01451204962619,2.27924835106771
44052,33.7074182594823,73.0550949505964,560.000925876433,-8.35655021288522,3.19298312255482
44053,33.7073438291371,73.055152536415,559.969952025451,-8.63693985925709,4.0558211965215
44054,33.7072653374783,73.0552127894634,559.933174063684,-9.0587293001879,4.58685213475954
44055,33.7071852067595,73.0552741374582,559.903011119924,-9.27524971500312,5.21303641356532
44056,33.707103612623,73.0553373297644,559.851794723421,-9.49293046375866,5.62649585441136
44057,33.7070200777042,73.0554046955395,559.799942408223,-9.66543597901929,6.0050931522802
44058,33.7069318924839,73.0554752644416,559.724085711874,-10.0248348254972,6.22849952540557
44059,33.7068398321392,73.0555469616842,559.658650387777,-10.3200681603724,6.48021635054107
44060,33.706746155018,73.0556194562147,559.584871180588,-10.5382162050583,6.78879547097279
44061,33.7066526888432,73.0556939904063,559.505614614114,-10.6446224260042,6.85210963982578
44062,33.7065577197813,73.0557697032224,559.424868357135,-10.5175948205066,6.91004724357328
44063,33.7064628182291,73.0558470866797,559.327649132814,-10.5254897758733,6.90261227361421
44064,33.7063674360367,73.0559246380775,559.26098095323,-10.4177104587793,6.88990704454261
44065,33.706271938155,73.0559987718412,559.191783717135,-10.3097741772848,6.97686286342634
44066,33.7061778493049,73.0560721429137,559.114936796948,-10.3642691411013,6.83366033209108
44067,33.706085332072,73.0561432087557,559.024856378324,-10.6269095909817,6.72232562603642
44068,33.7059953842139,73.0562135862878,558.917657495011,-10.6373570923341,6.87491183413764
44069,33.7059017957854,73.0562849267663,558.774832268944,-10.7745195968438,6.99804248375602
44070,33.7058060772333,73.0563575885224,558.645763597451,-10.9865474972795,6.97314736217754
44071,33.7057091560811,73.056432291733,558.484190556221,-11.2194507899108,7.0792059683489
44072,33.7056114419407,73.0565064274113,558.265406199265,-11.290651885324,7.22017576175888
44073,33.7055107200272,73.0565826413842,558.041701121489,-11.4921379101595,7.26692848773889
44074,33.705407990024,73.0566613513337,557.874139097286,-11.6168758058946,7.34043436929825
44075,33.7053042851482,73.0567393057382,557.593385108979,-11.7459361403674,7.32427022414228
44076,33.7051983434073,73.0568162314777,557.338556364179,-11.7789810168735,7.4509583917572
44077,33.7050898677324,73.0568976013353,557.066295596072,-11.9262583533311,7.6422184454696
44078,33.7049806797623,73.056982667598,556.762863884447,-12.1091014431178,7.82360970997749
44079,33.7048700140075,73.0570698897899,556.484322449891,-12.2359260676192,7.91753967301991
44080,33.7047572621169,73.0571570169064,556.246897585224,-12.2718735402929,7.55341395420002
44081,33.7046430640424,73.0572421055068,555.932409864618,-12.3081774072457,7.11783953343838
44082,33.7045296071407,73.0573241397331,555.67391553917,-12.1608051444581,6.86962900446605
44083,33.7044174206926,73.0574047388052,555.312105208635,-11.8560061937622,6.91709032721654
44084,33.7043091672301,73.0574825494646,554.970224292018,-11.8606118128997,7.01707060700844
44085,33.7042023407184,73.0575590380407,554.619849133538,-11.8561732525257,7.03817095783842
44086,33.7040969043377,73.0576363767509,554.247823359212,-11.7593098080008,7.05972971296763
44087,33.7039913259325,73.0577156423076,553.925996466773,-11.7651337842963,7.11394717165504
44088,33.7038852736125,73.0577952149717,553.604082705686,-11.6899179952934,7.14748603844796
44089,33.7037783555911,73.057874915287,553.303068210604,-11.6395322683982,7.17362435067658
44090,33.7036731308595,73.0579543472725,552.991319732275,-11.6195821044361,7.23550785292179
44091,33.7035679383432,73.0580340511572,552.727552989265,-11.6848896871864,7.1757204532472
44092,33.70346273977,73.0581155982278,552.412465877831,-11.7110785083259,7.15825515822243
44093,33.7033566529284,73.0581967033684,552.110625985544,-11.6512630026583,7.27078894728017
44094,33.703250397356,73.0582766834239,551.843025721377,-11.7042162579683,7.22685821037508
44095,33.7031439825779,73.0583574358816,551.581451761303,-11.7899298555946,7.21858240479807
44096,33.7030371129065,73.0584376208427,551.348876635544,-11.6694288704915,7.31183495630814
44097,33.7029306153764,73.0585180083947,551.119705729885,-11.707445581613,7.36751079142798
44098,33.7028227747751,73.0585987174488,550.914609202649,-11.8141892901328,7.3041410629613
44099,33.7027137964011,73.0586796967365,550.663942476735,-11.9102240468889,7.23832873005057
44100,33.7026049632583,73.0587613131837,550.466219016351,-11.9058821570805,7.28531457131996
44101,33.7024976827204,73.0588398613142,550.429457241436,-11.948040776008,7.27844388804317
44102,33.7023901277279,73.0589182936803,550.400645254413,-11.9319805166802,7.23892090945217
44103,33.702282517303,73.0589967479046,550.398939332226,-11.9284824587466,7.32962450087359
44104,33.7021750733593,73.0590760783338,550.358943014871,-11.9174283586814,7.36843105279786
44105,33.7020672218468,73.0591553943967,550.353857399896,-12.009781617636,7.34884506780048
44106,33.7019589271184,73.0592341020221,550.365175619256,-12.0240086391327,7.23753220362763
44107,33.701850553693,73.0593123106984,550.348633177578,-12.0221816827899,7.2787704884775
44108,33.7017422733118,73.0593904131309,550.368055707077,-12.0436224335719,7.15806570902891
44109,33.7016328917427,73.0594666112139,550.357077674475,-12.2038506889378,6.97702431399021
44110,33.7015223534892,73.05954129684,550.306798370322,-12.3537215724235,6.90008928210256
44111,33.7014102122731,73.0596157075309,549.945123668294,-12.54085229959,6.9619131018925
44112,33.701296233607,73.0596916109699,549.340187591035,-12.7689200343192,7.18359624697068
44113,33.701180520757,73.0597694530508,548.73882821342,-12.9572917115197,7.26633574835856
44114,33.7010631016556,73.0598488713327,548.186023237184,-13.1118171088826,7.49319069101051
44115,33.7009452852847,73.0599302946371,547.607804398751,-13.0508418619686,7.55962537243271
44116,33.7008275457021,73.0600107007492,547.050741048297,-13.0497486037178,7.3545534075931
44117,33.700709743195,73.0600892460578,546.494415064808,-13.0456080267116,7.18006936136637
44118,33.7005917434364,73.0601663081063,545.903409598861,-13.1067812058634,7.08637939443331
44119,33.7004735903323,73.0602423464173,545.323060904862,-13.0618428515719,7.00692886867329
44120,33.7003554891808,73.0603177981546,544.799729117891,-13.1398102706637,7.0170014150361
44121,33.7002168673137,73.0605013490998,547.429898944683,-13.16302099825,7.84634131773536
44122,33.7000973002204,73.0606118282346,547.069754562574,-13.1292784630094,7.96749767678026
44123,33.6999811840646,73.0607058338046,546.390095350565,-13.1888469214698,7.97726963415956
44124,33.6998625747345,73.0607964181195,545.683970366139,-13.1636130869982,8.02529670283291
44125,33.6997447832492,73.0608866622878,545.18648662651,-13.1070370458724,8.03522457584338
44126,33.6996296300536,73.0609758469812,544.773315306287,-12.943436921027,8.11202195118267
44127,33.6995170719295,73.0610636879656,544.378448698437,-12.6989718641609,7.99678817041411
44128,33.6994058083325,73.0611532799761,544.165804398945,-12.5556728478453,7.85825119106511
44129,33.6992961084027,73.0612421456639,544.00191550795,-12.3651703403484,7.7299581543052
44130,33.6991871670911,73.0613280728706,543.895292874193,-12.2724728245134,7.66732196131768
44131,33.6990786928688,73.0614155004602,543.722459846409,-12.1104281457884,7.56582604056246
44132,33.6989710675983,73.0615020708536,543.593694067094,-12.017107571317,7.49992380864746
44133,33.6988643723412,73.0615866543093,543.540871238569,-11.8902036727802,7.5056523440516
44134,33.6987596029948,73.0616702053499,543.491133306874,-11.6696360588285,7.485007609246
44135,33.6986558520808,73.0617531930899,543.403205259936,-11.5993031385656,7.52922058489883
44136,33.6985527995693,73.0618353014047,543.306349701947,-11.3826237055064,7.48392230633439
44137,33.6984507048512,73.0619179638145,543.245557092829,-11.02236223064,7.22980556698004
44138,33.6983496559526,73.0620017145349,543.212224385468,-10.4031453151423,6.96017143618051
44139,33.6982536255646,73.0620798661006,543.181552377297,-9.6815935446523,6.55678275246918
44140,33.6981638571827,73.0621516421777,543.11667764117,-9.1166029482731,6.06294429286956
44141,33.6980784399385,73.0622179584576,543.053251291625,-8.58064323624479,5.56976800452466
44142,33.6979998326389,73.0622786988324,542.913152374094,-8.32985306047055,5.06149519297241
44143,33.6979271364458,73.0623332067548,542.78168819868,-8.19877423718421,4.79017938702053
44144,33.6978585116471,73.0623828320473,542.704900909215,-7.48819304865952,4.33540002914804
44145,33.697795558493,73.0624288673225,542.661110496847,-6.48609217675778,3.60478756025457
44146,33.6977429029706,73.0624665836116,542.628363953438,-5.34537718223117,2.82913358555821
44147,33.6976994019753,73.0624984520853,542.607632718515,-4.14711894388439,2.18885067888033
44148,33.6976632234556,73.0625247896522,542.609061542666,-3.07905791486815,1.59130677090916
44149,33.6976353402994,73.0625437185356,542.578269320307,-2.35198661169953,1.13039576324285
44150,33.6976272213005,73.0625490254324,542.50414806162,-2.02505200284969,1.19452842478812
44151,33.6976312561456,73.0625465382095,542.410569195403,-1.77561514278998,1.03101572913861
44152,33.6976343604068,73.0625446389572,542.327405946329,-1.65932466375411,0.881526752205846
44153,33.6976386619914,73.0625418965265,542.242300397018,-1.5050216870693,0.874347484232289
44154,33.6976403157819,73.0625409716162,542.170251968782,-1.27422469376383,0.864938708015525
44155,33.6976425833226,73.0625387445384,542.095585820731,0.166672130628761,1.26716553289733
44156,33.6976437486831,73.06254157125,542.063588317018,1.83006655095602,0.530167524815134
44157,33.6976438899901,73.0625435800299,542.101932645077,1.9796595680494,-1.43605275773006
44158,33.6976524514958,73.0625449780708,542.165341077605,1.23730702377053,-1.90225016467752
44159,33.6976659199718,73.062541255947,542.244443158619,1.35762049630452,-0.799227629081287
44160,33.6976807963372,73.0625305845363,542.261520009255,1.28726829465153,-0.309786062362402
44161,33.6976983967269,73.0625182785545,542.253166734008,1.75402377721974,-0.524524262286192
44162,33.6977179672695,73.0625077620938,542.119381599594,2.21483579382122,-0.460006612603337
44163,33.6977397333597,73.0624940703378,541.942645160016,2.53658696649633,1.50222635419618
44164,33.69776569328,73.0624864841968,541.72087015002,1.53602979560121,2.94197785504468
44165,33.6977904736247,73.0624957655551,541.517866895301,1.3712349695941,3.59946166866875
44166,33.697812707433,73.0625224057677,541.295022298349,1.88072093201837,3.96018570318073
44167,33.6978332395613,73.0625569921808,541.079011559021,3.04314079067822,3.73646379869772
44168,33.6978566358737,73.062603205466,540.855051930994,3.8609290323174,3.23550561213281
44169,33.6978861429076,73.0626542676432,540.611861241981,4.34667131416073,3.2009064250632
44170,33.6979182751698,73.0627101897905,540.321946980432,4.80250975628158,2.7266165625755
44171,33.6979516595845,73.0627599851775,540.02971228119,5.59710265200894,1.15839844652584
44172,33.6979871544346,73.0627965096571,539.719830525341,5.80455508299011,-1.09942799683937
44173,33.698023792645,73.0628088399207,539.473050604109,5.13546680231632,-2.71837899685195
44174,33.6980472238299,73.0628113273481,539.171262617921,4.55688956620407,-2.72851432573535
44175,33.6980824160469,73.0627810260005,538.908697449369,4.83806108365892,-2.65465120047941
44176,33.6981373362652,73.0627384833848,538.783769982401,5.46694723566977,-2.75203913209979
44177,33.6982001740907,73.0626940061542,538.634839566657,6.03207903916875,-3.07004981098264
44178,33.698264516494,73.0626512671003,538.539524804801,6.3424155582596,-3.5000851192892
44179,33.6983309438825,73.0626041552516,538.439955630573,6.78763696668447,-3.62193184772196
44180,33.6983980561041,73.0625562066982,538.376163909445,7.08902034441006,-3.81500903623041
44181,33.6984684188922,73.0625053358853,538.350828244118,7.50754867719225,-3.85495598135588
44182,33.698540009464,73.0624525359207,538.356096792733,7.73253563824303,-3.9386506655661
44183,33.6986143541553,73.0624033594111,538.380394305801,7.91364727330855,-4.15195048426454
44184,33.6986906223922,73.0623543394458,538.418702878524,8.03869165634877,-4.23303552451893
44185,33.6987709346086,73.0623032228382,538.484287075931,8.19446371530661,-4.06759945554904
44186,33.6988519775148,73.0622523886142,538.504386153538,8.51850950039708,-4.18192360645033
44187,33.6989334980438,73.0622015492839,538.633465340361,8.87269143622969,-4.34972218595248
44188,33.6990163027055,73.0621479948738,538.789030130254,9.15991895595314,-4.59775945953683
44189,33.6990998369441,73.0620942300145,538.981566057075,9.42941593354395,-4.83987333740308
44190,33.6991842849088,73.0620366288105,539.217052547494,9.59454298648465,-5.21570964201115
44191,33.6992719001026,73.0619765771522,539.412859684555,10.012131660692,-5.2118833164726
44192,33.699363446588,73.0619141178353,539.659708714345,10.3765621418021,-5.17456563118739
44193,33.6994575982072,73.061854176088,539.914770523319,10.2802329698888,-5.13175337039144
44194,33.699549388061,73.0617933265772,540.167971986113,9.88146361495098,-4.95566633700526
44195,33.6996370897148,73.0617315778971,540.420020925114,9.03422455398191,-4.7950247409334
44196,33.6997200741587,73.0616708317123,540.686529978877,7.84481952661249,-4.2911506116249
44197,33.6997973251955,73.0616128631194,540.944868244929,6.44238875977299,-3.40824319138787
44198,33.6998715542042,73.0615572419959,541.182999741519,5.45893738551321,-2.6278991061001
44199,33.6999382971266,73.0615096610769,541.389967161929,5.16980329811413,-2.36462520664802
44200,33.699995343181,73.0614688415912,541.610443339916,5.2781032911206,-2.62634618379206
44201,33.7000337288899,73.0614421784127,541.788000812521,5.90481942752417,-3.32171544971918
44202,33.7000626474858,73.0614233912171,541.953352586366,6.41280082965096,-3.48295450643819
44203,33.7000893202715,73.0614008675539,542.09075761144,6.20275279157826,-3.47385361618688
44204,33.7001152612799,73.0613788546561,542.211917985929,6.27571327224123,-3.50141951726619
44205,33.7001427253697,73.0613571926781,542.328085630666,6.27522008890851,-3.55693830183942
44206,33.7001805207257,73.0613308912777,542.461693809833,6.35688674370946,-3.69649659057495
44207,33.7002304130208,73.0612984637249,542.569989850745,6.32951806129691,-4.29808671497941
44208,33.7002850753935,73.0612618727633,542.655740403803,6.56311812519435,-4.50313687016102
44209,33.700343379309,73.0612200847958,542.718991105445,6.97781495179427,-4.46820618066328
44210,33.7004093525697,73.0611699975093,542.76697185752,7.38747484474206,-4.32236687416286
44211,33.7004809957854,73.061116482044,542.741646830225,7.58847398707363,-4.54613561480595
44212,33.7005546599848,73.0610631280329,542.716344254557,7.88317691787882,-4.89843790458405
44213,33.7006290718755,73.0610078879181,542.686326172668,8.12463169497423,-5.06257600752952
44214,33.7007050741926,73.0609495280544,542.631814501481,8.39048501935923,-5.25621997431862
44215,33.7007825192867,73.0608897243812,542.593250752892,8.63439465538155,-5.34446401877794
44216,33.7008622430652,73.060828242524,542.564946212573,8.8722301323014,-5.55437884229234
44217,33.7009454146955,73.0607644041175,542.489525349811,8.96841722405594,-5.78465941532489
44218,33.701030105904,73.0606980767694,542.429285805207,9.23364978712296,-5.70386327907637
44219,33.7011190598601,73.0606314670349,542.366965747206,9.4514473997719,-5.83022024435998
44220,33.7012106492371,73.0605658480358,542.315719686449,9.60672678090732,-6.15340131185325
44221,33.7013031297271,73.0605002352484,542.250548119657,9.72535796573704,-6.19573607329741
44222,33.7013985342307,73.0604321794357,542.194650957827,9.93031178378805,-6.29691640555648
44223,33.7014934875255,73.0603623137447,542.133182100486,10.0001065460315,-6.2845774634182
44224,33.7015884821402,73.0602905542481,542.068652550224,9.92265079968302,-6.08374281134561
44225,33.7016841407538,73.0602217287113,541.988190725911,9.67401055692731,-5.78584093259559
44226,33.7017794063908,73.0601531718431,541.916072922992,9.61011223469641,-5.76856494991111
44227,33.7018710648351,73.06008844186,541.865212128498,9.48476035111806,-5.92163782049383
44228,33.7019645772507,73.0600234526679,541.783717510523,9.75656723977275,-5.89927013028037
44229,33.7020563248124,73.0599576825786,541.74117745203,10.1797755674465,-5.75954592952475
44230,33.7021490978144,73.0598933163194,541.694435510319,10.331624017212,-5.87409165253577
44231,33.7022431442104,73.0598291768247,541.699321533088,10.4892056164591,-6.03566993160568
44232,33.7023379852939,73.0597629977717,541.673371597659,10.5305139746391,-6.25434981477894
44233,33.7024324988674,73.0596940073159,541.672939028824,10.4004270457119,-6.48487991373047
44234,33.7025262674028,73.0596225559528,541.714978998527,10.3463263274429,-6.7482010610003
44235,33.7026192973548,73.059548773935,541.753239783924,10.3717618298656,-6.90883590169364
44236,33.7027126442765,73.0594749012628,541.740509025054,10.3942863560675,-6.82288564543627
44237,33.7028071451032,73.0594006090812,541.715635188855,10.5298701235055,-6.88135948481296
44238,33.7029027207253,73.0593265747686,541.740025209496,10.6489598743007,-6.89722287300112
44239,33.7029982477155,73.0592516301814,541.790362889413,10.5772323916069,-7.00030880998103
44240,33.7030935854945,73.0591758181942,541.873261944158,10.5701991506896,-7.02993480130509
44241,33.7031887854683,73.0591002577549,541.988486850169,10.5296059769533,-6.98280233553612
44242,33.703283473482,73.0590250310118,542.061780108139,10.4047325328955,-6.95245033595034
44243,33.7033766886974,73.0589488975896,542.170963163488,10.2659802900806,-7.10169897495358
44244,33.7034686962237,73.0588714041449,542.296625292161,10.111633823927,-7.21957562035816
44245,33.7035597545348,73.058792816847,542.38793462282,10.112915645389,-7.28403812360486
44246,33.7036507734372,73.0587145421005,542.51635107887,10.1232510730539,-7.19673392903421
44247,33.7037424213669,73.0586384485181,542.604482727591,10.2367145704595,-6.96458699353285
44248,33.7038339563556,73.0585627443246,542.619240140077,10.1028102415485,-7.11844843468763
44249,33.7039245636494,73.0584862319588,542.713182412554,10.0380458731934,-7.07171929803138
44250,33.704014714431,73.0584099511176,542.765974709997,9.94694748614437,-7.06581205046454
44251,33.704232531321,73.0583458740094,543.679839514894,11.1422113185194,-6.87104182243258
44252,33.704352492513,73.0582646992135,544.080264559248,11.2800503772025,-6.74931533939792
44253,33.704474639188,73.0582018516111,544.49957357021,11.3634126237788,-6.79405785698226
44254,33.7045872741992,73.0581294457776,544.848968923092,11.3624550048855,-6.87654273313222
44255,33.7046957296994,73.0580523661447,545.150417256169,11.6030378877452,-6.75089459027222
44256,33.7047992567491,73.0579756791655,545.486461444991,11.5622091896745,-6.78613508093331
44257,33.7048998369347,73.0579012209852,545.785974035738,11.5470743908193,-6.8995670596242
44258,33.704999776112,73.0578249639285,546.146098949015,11.4967624038101,-6.95288820806223
44259,33.7050997506358,73.0577489855501,546.414026797283,11.524243086083,-6.94295585389474
44260,33.705199698725,73.0576729140683,546.702360102441,11.5506412411108,-6.90265098865972
44261,33.705299551108,73.057594664929,547.037341025425,11.4681618419954,-7.06963110256348
44262,33.7054007363911,73.0575167648602,547.403347711777,11.1610297851026,-7.01321658060536
44263,33.7055018427924,73.0574393976942,547.660728036193,10.9112282617067,-6.81240542937713
44264,33.7056031576604,73.0573625806896,547.933017884381,11.0154314486921,-6.95549010976838
44265,33.7057046959367,73.0572880249782,548.258445653832,11.081902864684,-7.02573248363367
44266,33.7058068910666,73.0572137967633,548.538010435179,11.226863189646,-6.99730298586791
44267,33.7059094394458,73.0571378189505,548.787157000974,11.4046824738022,-7.0011920133341
44268,33.7060130499016,73.0570596426184,549.038492599735,11.5303969244202,-7.10068878663984
44269,33.7061173493223,73.0569824326785,549.25925493543,11.5584379682813,-7.08044222905749
44270,33.7062223114396,73.0569039596664,549.417900313856,11.668823418935,-7.15064549300307
44271,33.7063288921703,73.0568247139062,549.61800415325,11.7328996374556,-7.27482231168695
44272,33.7064374334203,73.0567446815285,549.812386353267,11.7689791733341,-7.39059998209118
44273,33.7065471886577,73.056662969429,550.025358766085,11.7946085252982,-7.44250561791901
44274,33.7066561476218,73.0565816538185,550.188069735188,11.9449095805513,-7.42924021349924
44275,33.706764653842,73.0565010233188,550.330813835142,12.0846716731418,-7.32446262297707
44276,33.7068733948345,73.0564196178306,550.522091469029,12.1160887564856,-7.33493679443248
44277,33.7069831212209,73.0563399521258,550.740222740453,12.1169543800524,-7.45870654879184
44278,33.7070912552458,73.0562599066339,550.908675523475,11.9923563370663,-7.5209746134916
44279,33.707201541655,73.0561782095048,551.097989705624,11.6333653131229,-7.44540726530126
44280,33.7073123959503,73.056095693405,551.266202188795,11.2835714323217,-7.37496728428861
44281,33.7074221154709,73.056013205863,551.473183756461,11.0204008602633,-7.28136997028426
44282,33.7075253312778,73.0559303637897,551.653393610148,10.5192518232584,-6.8128849144596
44283,33.707624830903,73.0558505711208,551.844034560723,9.40018476170272,-5.65225613012343
44284,33.7077181429784,73.0557813517358,551.979588531191,8.2616775822377,-4.0692182050317
44285,33.7078048240702,73.0557230928522,552.136547940085,7.73139905728042,-2.83321362450003
44286,33.7078849986248,73.0556807311261,552.269731857814,7.4795041441725,-0.688437109248838
44287,33.7079512004315,73.0556688976741,552.387653711252,6.6094338958567,1.57632483143426
44288,33.7080052391983,73.0556862442911,552.566435051151,5.40257697383568,3.09343042319953
44289,33.7080536133199,73.0557272451949,552.748024365632,5.06199368377592,3.87400447964611
44290,33.7080927469604,73.0557879835202,552.800841249758,5.2411818062769,4.31113848190585
44291,33.7081293815405,73.0558623149056,552.765559978317,4.98067618097184,5.05508708304157
44292,33.7081683154218,73.0559371562539,552.756762409816,4.63774877365168,5.5378706744344
44293,33.7082056524199,73.0560190585749,552.724160575075,4.57655979503943,5.95666082324313
44294,33.7082400480843,73.0560977402215,552.80556754116,4.40019596643064,6.26039790345258
44295,33.7082694771151,73.0561766672145,552.85936735454,4.21803613928246,6.51497583926618
44296,33.708301813426,73.056253750548,552.938289221143,4.13866901202492,6.86189295812637
44297,33.7083375752246,73.0563315481602,553.029661118286,4.13679442760324,7.17450878379172
44298,33.7083750449775,73.0564105456553,553.133312224876,4.17712143220928,7.4541117566874
44299,33.7084126475918,73.0564922824498,553.241473506438,4.06015123354694,7.18614461228053
44300,33.7084506514097,73.0565720799028,553.303577171639,3.88413418014504,6.69992509870102
44301,33.7084854182339,73.0566428512451,553.07184252399,3.8249372307353,6.55945151196345
44302,33.7085189593784,73.0567150652432,552.793832827127,3.61322994927228,6.8281243437945
44303,33.7085505600108,73.0567900739394,552.47891211207,3.4413737037096,7.03606557076884
44304,33.7085817395546,73.0568655745608,552.121854230994,3.46820863978309,6.89666947979946
44305,33.7086123463685,73.0569392523783,551.705191645538,3.23618310341662,6.8063890255082
44306,33.7086410748703,73.0570102868965,551.276343703736,3.15790874757814,6.24959288116405
44307,33.7086693130333,73.0570734973822,550.757374602137,2.97753855571607,5.49482838934751
44308,33.7086926237073,73.0571297683875,550.210084495135,2.21878677452549,4.9247395091509
44309,33.7087094387997,73.057179125535,549.623913414543,1.49309835005947,4.32342330277892
44310,33.7087193016047,73.0572241526761,548.979466251796,0.532659632829949,4.02142278797792
44311,33.7087158997753,73.057265490936,548.334124858957,-1.29688985269499,3.53895160683267
44312,33.708695931742,73.0572936223142,547.696219569305,-2.8481857442105,1.35250380580165
44313,33.7086718081303,73.0572890865505,547.114103157306,-2.14664135002587,-1.94860351427535
44314,33.7086550312425,73.0572585072989,546.432383520063,-1.86240128210008,-3.53289692927734
44315,33.7086370228016,73.0572137652071,545.725111883599,-2.21043467167281,-4.69356232829431
44316,33.7086144713386,73.0571617135427,544.978310590377,-2.85285691327204,-5.07580881001518
44317,33.7085853869527,73.0571032450296,544.190731349168,-3.45751155162709,-5.84337550226488
44318,33.7085530844109,73.05703470409,543.342743671732,-3.73710634072385,-6.81132528817027
44319,33.7085177071789,73.0569559079775,542.479066953762,-4.12603070151834,-7.74312308702739
44320,33.7084789247343,73.0568687669736,541.541720275534,-4.46820896138006,-8.42484864393172
44321,33.7084501489241,73.0568232751323,547.921687090304,-4.99088613841578,-8.74413082771286
44322,33.708416419505,73.0567621741981,551.713604145451,-5.28682902763138,-9.01431744770668
44323,33.7083530450228,73.0566754071779,553.867831625277,-4.30956338881533,-8.76075542861407
44324,33.7082840296865,73.0565844367124,555.379169068998,-2.75373325177943,-9.33716711758824
44325,33.7082213250797,73.0565009375776,556.731813665479,-0.872058234585135,-9.83612193558681
44326,33.7081906326373,73.0564034261528,556.887624094961,0.258417805910431,-8.83062309675928
44327,33.7081849062197,73.0563018167638,557.265787602402,-0.192207876593408,-7.84566231805932
44328,33.7081916029391,73.0562018629824,557.700502082938,-0.94728532483858,-7.37863346033398
44329,33.7082098809999,73.0561169803345,558.176707763458,-1.34702059006084,-6.56256378649066
44330,33.7082236933778,73.0560438983582,558.538847817108,-1.64941170156729,-4.99577579167146
44331,33.7082330492739,73.0559827382042,558.847855973057,-1.37467361477247,-4.81832576948723
44332,33.7082382063992,73.0559245931777,559.028475413332,-1.33718774712102,-5.84167163227857
44333,33.7082373789908,73.0558678867329,559.124372406164,-0.889741115703655,-5.64081505708443
44334,33.7082391932269,73.0558162227352,559.203096157173,0.279053079889705,-4.1796665143399
44335,33.7082458237791,73.0557793073608,559.19785845466,1.48772888301361,-3.06094682060925
44336,33.7082529909723,73.0557679546152,559.221823783591,1.7098982949531,-1.38456186544068
44337,33.7082613314452,73.0557633568468,559.200478651794,1.79464475867345,0.736645540042036
44338,33.7082735798455,73.0557747425668,559.217996544903,0.970488555157649,2.92853381322701
44339,33.7082901136757,73.0558040757417,559.110456670169,1.13712327052202,4.07592777034061
44340,33.7083108482337,73.0558525510947,559.018307136605,1.54979495608851,4.75931067954798
44341,33.7083425135418,73.0559105920079,558.821488551563,2.40319374533483,5.37660259486572
44342,33.7083806196119,73.0559731831209,558.582142958418,2.8285657547903,6.14394306351301
44343,33.7084254347601,73.0560418031282,558.357056937646,3.31287027627384,6.85866880797943
44344,33.7084702276535,73.0561195849629,558.17062302609,3.62272714803566,7.24480091877763
44345,33.7085185722441,73.056201008427,557.905136063229,3.94444848119204,7.76517534513399
44346,33.7085675326245,73.0562833000189,557.619457815075,4.13303800019189,8.31837959558002
44347,33.7086145071943,73.056370733632,557.338292327011,4.36348068213647,8.8564773014695
44348,33.708660862437,73.0564608754449,557.087576986058,4.47082322629242,8.94050414568195
44349,33.7087083567404,73.0565548215787,556.854395105271,4.55577338244001,9.15070613500988
44350,33.7087589618449,73.0566557960201,556.670547189657,4.85000775050632,9.3760935608991
44351,33.7088116625652,73.0567577403702,556.45463609579,5.26856885107655,9.52641259490517
44352,33.7088650878513,73.0568583730735,556.27731360239,5.60532876603914,9.69088505962269
44353,33.7089181504795,73.0569607383213,556.135246888269,5.75400324425552,9.9636083159424
44354,33.7089745900969,73.0570623705046,555.977878281148,5.73835673447562,10.2950139623615
44355,33.7090316520273,73.057166494217,555.888189198449,5.82244487326889,10.4627185839032
44356,33.7090877883239,73.0572720106053,555.787191591924,5.85514110329,10.6758935528643
44357,33.7091449896513,73.0573816751596,555.696651826613,5.98130470821869,10.9127920754452
44358,33.7092031420524,73.0574958718108,555.611499552848,6.62894842443159,10.8380843663772
44359,33.709263130023,73.0576095658049,555.550145769725,7.05316185140583,10.8178419507044
44360,33.7093277432906,73.0577213416637,555.484896044945,6.89714012089085,11.0237363008685
44361,33.7093976469976,73.0578307327836,555.406980219064,6.73488772814229,11.1026639717687
44362,33.7094656514694,73.0579450755615,555.358591715107,6.76683057849723,10.8171771201303
44363,33.7095278982163,73.0580628622991,555.305655047996,6.80309600545086,10.5115628560696
44364,33.709588652483,73.0581775544698,555.248195822351,6.77751899362243,10.7217712002799
44365,33.7096489248958,73.0582896798769,555.187391074141,6.83662425419629,10.9176624541543
44366,33.7097102346562,73.0584005525284,555.147593469359,6.92117353745017,11.1545049457315
44367,33.7097739393528,73.0585154140593,555.093957449775,6.83934560299617,10.8929471512534
44368,33.7098384477438,73.0586302367493,555.046678386861,6.85747850584939,10.8356411752408
44369,33.7099006345353,73.0587429924486,555.020170829725,6.59977204275491,10.9613058946596
44370,33.7099626084108,73.0588553252758,554.980426707771,6.92404073677441,10.938041906849
44371,33.7100218509341,73.0589693990353,554.960332091665,7.08807338470134,10.9134052935602
44372,33.7100837682734,73.0590834525476,554.954766013194,7.3456873436389,11.0707100644122
44373,33.7101490307112,73.0591970403239,555.00611419417,7.28367668047456,11.1130406010899
44374,33.7102172879386,73.059311944703,555.03496740968,7.4049507343441,10.9648766864398
44375,33.7102849139693,73.0594277943101,555.086519820616,7.4626084920648,10.8863261348687
44376,33.7103522561253,73.0595460912181,555.125608531525,7.31126468548693,11.0909493251933
44377,33.710420302303,73.0596657445219,555.172415720532,7.36143011242293,11.1369520693156
44378,33.710484878504,73.059787404029,555.249054423999,7.22963201066949,11.1790154176472
44379,33.7105496160939,73.0599096798442,555.338060195791,7.12099844213616,11.3417657079895
44380,33.7106145863751,73.0600333627998,555.467019569594,7.09565476273692,11.4506659572762
44381,33.7106793186132,73.0601585840899,555.589560650988,7.07099787191999,11.4384563608219
44382,33.7107433008615,73.0602837912359,555.720343347406,7.09187811578514,11.4419250285225
44383,33.7108073803503,73.0604087658476,555.886796412757,7.06411443027187,11.3873404356749
44384,33.7108723209189,73.0605336223613,556.059307365678,7.08749262340442,11.4337699620115
44385,33.7109381166821,73.0606591686735,556.188050107798,7.1171427789251,11.4333045680489
44386,33.7110043345807,73.0607851475509,556.331598003628,7.1812664342528,11.4714351752717
44387,33.7110720577026,73.0609102555695,556.52542614704,7.28655924534624,11.3520433564993
44388,33.7111396971835,73.0610361120682,556.684292668477,7.26672271833952,11.1486816919348
44389,33.7112076060685,73.0611588753212,556.858597492566,6.96372084734639,10.8752340135531
44390,33.7112742425851,73.0612799453018,557.024357052986,6.66765839966282,10.6904317794491
44391,33.7113395739162,73.0614024606974,557.216372151626,6.48240317260709,10.3554629816546
44392,33.711401717191,73.0615205560566,557.461313598324,6.56414062086343,9.85633844623303
44393,33.7114618488181,73.0616311778837,557.639795137336,6.3547091706432,9.875256097395
44394,33.7115215723201,73.061736171814,557.840938116424,6.33251455966427,10.1325703948812
44395,33.7115808299403,73.061842184998,558.039844695013,6.36246630162918,10.3130949677808
44396,33.7116395758634,73.0619502914251,558.236750934739,6.38547570533665,10.36022695615
44397,33.7116978829468,73.0620624522857,558.433589007473,6.47325487606702,10.4790956302369
44398,33.7117552316387,73.0621764930521,558.646807000972,6.4386094239722,10.568392789744
44399,33.711813269151,73.0622920487866,558.830934928032,6.42369923877589,10.6024438655088
44400,33.711870729033,73.0624086214922,559.043017285876,6.32339943797464,10.1787877036027
44401,33.7119272251218,73.0625163225716,559.09004218271,6.22068825656809,9.78460879568666
44402,33.7119825576232,73.0626199866828,559.125251131831,6.1060462620009,9.52756309455343
44403,33.7120376028439,73.0627235898373,559.178182870382,6.09825502523831,9.65257365595433
44404,33.7120927712842,73.0628285862789,559.232821662677,6.16134701501293,9.76799325580229
44405,33.7121488215787,73.0629350043483,559.244694233174,6.26562212322352,9.92402538073263
44406,33.7122057648618,73.0630431064075,559.242846396752,6.32065644587215,10.1176346507677
44407,33.7122628784294,73.0631531150391,559.278279742459,6.38260334959228,10.2814914590734
44408,33.7123203053562,73.0632634511496,559.315476995194,6.33461208100248,10.1639796503461
44409,33.712378293145,73.06337165745,559.280825881055,6.50193555977316,9.89458283529666
44410,33.7124364988471,73.0634775547879,559.234440316679,6.344419308082,9.74100808119287
44411,33.712492830014,73.0635821650671,559.191880315077,6.10345659051725,9.59725897144945
44412,33.7125457501413,73.0636844081903,559.120294247288,5.66415661273118,9.34683861449278
44413,33.7125950302941,73.0637832499155,559.018784044078,5.32971490595842,9.00215451786654
44414,33.7126429487559,73.0638793972468,558.883996701567,5.33731452943074,8.78484785455757
44415,33.7126909268072,73.0639729614857,558.708866641624,5.24245769869455,8.55033329427114
44416,33.7127367674992,73.0640651768853,558.70760490559,5.01819866523191,8.58341220217056
44417,33.7127829579884,73.0641591093438,558.692556079011,5.28332599431782,8.82560586938203
44418,33.7128317999921,73.0642548387895,558.658589531202,5.56650035143163,8.90079440975384
44419,33.712883416887,73.0643515482118,558.659388438566,5.79885798385285,8.97389624637735
44420,33.712935247673,73.0644492786749,558.775147754932,5.67570327156512,9.12120439818672
44421,33.7130287634754,73.0646048387594,558.818739772541,5.96349833795333,9.59839197183584
44422,33.713110560285,73.0647059307285,558.928716587601,6.19317131665027,9.49751591075198
44423,33.7131701925918,73.064814685274,559.202930429252,6.36868974956477,9.37250960561098
44424,33.7132242054991,73.0649242626566,559.363959916169,6.23675797952492,9.48212554833791
44425,33.713282094349,73.0650298375904,559.371423342731,6.29267314052959,9.50580604404544
44426,33.7133379640886,73.0651368486402,559.36227339413,6.28814254796978,9.40834712673794
44427,33.7133933479525,73.0652423261508,559.346853432478,6.14451830247063,9.35592670956053
44428,33.713449051882,73.0653468630699,559.35137905553,5.87090020685849,9.39135008397245
44429,33.7135030539301,73.0654497681504,559.391089305049,5.85378769587733,9.33225965077338
44430,33.7135562774554,73.0655514714086,559.443619019119,6.31308532216022,8.93219268777193
44431,33.7136099480401,73.065650441073,559.522943058982,6.63371177104587,8.69258100001507
44432,33.7136654552823,73.0657464914445,559.595653987722,6.27089844048819,9.00324880160979
44433,33.7137240585418,73.0658440403937,559.647837303812,5.79983350732299,9.48758062573769
44434,33.7137804488333,73.0659436915475,559.712250463665,5.83493036086512,9.46926297948839
44435,33.7138350518404,73.0660450981548,559.767019496532,5.93459580889645,9.37976180602507
44436,33.7138868412148,73.0661468196832,559.846414519707,5.68194825701981,9.04237333143235
44437,33.7139387649235,73.0662467237205,559.915196135407,5.5136521049762,8.61016118242212
44438,33.7139907021891,73.0663439540989,560.002270338824,5.34943441010612,8.3499897371478
44439,33.7140394035818,73.0664365265191,560.09302218724,5.10714483962838,7.93719811317898
44440,33.7140814398043,73.0665236355969,560.190983940847,4.68943825753629,7.21666875238889
44441,33.714123078146,73.0666080861132,560.326898943633,4.2205857221055,6.77031033465239
44442,33.7141619081148,73.0666814702994,560.428164659534,3.46375902068278,5.69825300392335
44443,33.7141910136984,73.0667411447559,560.57672804012,2.89181636263799,4.89224577544854
44444,33.7142143292422,73.0667891495383,560.683293826412,2.49733672614774,4.11244839885414
44445,33.7142332126527,73.0668291921287,560.793978264555,2.18750653468969,3.26535362859863
44446,33.7142538614759,73.066858714759,560.863978202455,2.93967983864276,1.78466120981421
44447,33.714275135039,73.0668795576522,560.960607738467,3.15935583640312,-0.5068656567397
44448,33.7142956297444,73.066890664053,561.098389843944,2.38473662539848,-1.0929296540808
44449,33.7143154487053,73.0668843907206,561.177496157121,2.63991964264631,-1.65578659435646
44450,33.7143427876415,73.0668630063969,561.306828338886,3.4566664593203,-1.63760823403329
44451,33.7143793281841,73.0668354361436,561.409693692345,2.13723732017115,-0.734952174270052
44452,33.7144114147511,73.06681351374,561.445818437496,2.28111750749861,-1.08744976668462
44453,33.7144411442866,73.066793152617,561.592258984689,3.09322723829719,-1.83069136540856
44454,33.7144674886376,73.0667765953164,561.650885679992,3.91140757926513,-2.13574114754149
44455,33.7144982824603,73.0667618933194,561.733475392684,4.03092561462795,-2.10740634331645
44456,33.7145353539968,73.0667451454439,561.732987061609,3.55316965631923,-1.92462039401516
44457,33.7145700371154,73.0667284648688,561.687414838001,2.52622396050776,-0.952411071887328
44458,33.7145987377099,73.066711621486,561.621190193808,1.46460691972367,-0.256571446672313
44459,33.7146176560926,73.0666963365447,561.527818829985,1.03662729602842,-0.0781914470477768
44460,33.7146175925891,73.0666965770198,561.422815810423,0.626446030693144,-0.354626954305008
44461,33.7146186641087,73.0666962003837,561.419134173309,-0.271884885765045,-0.0841283020774439
44462,33.714618913759,73.0666961417549,561.338063300354,0.287278710057025,0.263896777817177
44463,33.7146196817676,73.0666960678541,561.301779667847,-0.144922175640346,0.590336987879095
44464,33.7146205017159,73.0666957219432,561.251750013558,0.140675977391895,1.3056521778386
44465,33.714621306511,73.0666955665689,561.254901304841,0.95729822906598,1.08189651527686
44466,33.7146229715243,73.0666957602599,561.202452812577,1.32194477598919,0.80656259536927
44467,33.7146232467647,73.0666948739517,561.175169993658,1.12649656038579,0.702387753773332
44468,33.7146239709933,73.0666946172842,561.156173993601,0.962406614584834,0.665452610852497
44469,33.7146311403,73.0667035649287,561.163060501684,0.992902937777141,0.779075694489355
44470,33.7146397565757,73.0667141090945,561.187543472974,1.23087998460189,0.610348222778883
44471,33.71464813678,73.0667245867779,561.247320433613,1.3101163381146,0.611638452537296
44472,33.7146570125731,73.0667324339043,561.267479391303,1.38628966147675,0.471467851631448
44473,33.7146591517244,73.066733840334,561.281831332715,1.03936723313759,0.31193732917235
44474,33.7146610684878,73.0667345621022,561.268002683297,0.101658045831031,-0.135821368184976
44475,33.7146617322947,73.0667350217583,561.259223288856,-0.111307389728185,-0.0398328232704855
44476,33.7146625335752,73.0667356986089,561.235329328338,-0.0510342397540559,-0.0267892600523195
44477,33.7146631828748,73.0667362599152,561.239330966957,-0.0221030105746195,-0.0131588882108254
