GPStime,lat_deg,lon_deg,h_m,vn_mps,ve_mps
43397,33.7139190168644,73.0883477115877,555.101525855018,0.0438315411385972,0.0254063430274045
43398,33.7139217509009,73.0883495764862,555.345588892233,0.562036669983362,0.317231677466011
43399,33.7139291796065,73.0883544950834,556.00810962962,1.08325654342448,0.594009085535434
43400,33.7139413117567,73.0883623285839,557.08808279736,1.6102590087812,0.856771736591748
43401,33.7139582152169,73.088372941395,558.584175479598,2.14034322108227,1.10783840243197
43402,33.7139222921431,73.0883441693489,555.094835846452,0.0421852492126293,0.018268946533954
43403,33.7139226529733,73.0883438696133,555.185020867502,0.0302356941390302,-0.00198357944191856
43404,33.7139229140212,73.0883437190675,555.335844488814,0.0328549446249649,-0.0101668546222425
43405,33.713923144549,73.0883435423465,555.473189152544,0.0310886744644349,-0.0226400250219874
43406,33.7139234093679,73.0883433123697,555.685972513864,0.0320673855553771,-0.0350240904631201
43407,33.7139236865756,73.0883430700431,556.048223101534,0.0340040213547332,-0.0504995375985094
43408,33.7139239332284,73.0883428897684,556.366677994607,0.0327582593663008,-0.0628649797820606
43409,33.7139241934135,73.0883426767349,556.756333427504,0.0309347499001361,-0.0760513850464436
43410,33.7139244798224,73.0883423823415,557.302930140868,0.0331150813132784,-0.096429091398654
43411,33.7139247892628,73.0883421575722,557.749346379424,0.0347851306282415,-0.112925286578377
43412,33.7139251195862,73.0883418830082,558.227740353206,0.0348830198621277,-0.131017411045883
43413,33.713925461789,73.0883415777323,558.712717741961,0.0331560509358606,-0.151910026559514
43414,33.713925815836,73.0883412557706,559.193271112628,0.0344405041256577,-0.175846503645461
43415,33.7139261775998,73.0883409175225,559.657675486989,0.0403312670947806,-0.19973427627263
43416,33.7139265471939,73.0883402470166,560.431845206069,0.0462936768624138,-0.235942590139205
43417,33.7139269265123,73.0883398387271,560.950526966713,0.0490010941047279,-0.266744632634598
43418,33.713927305651,73.0883397589139,561.190391717246,0.0480229042912363,-0.292244145027223
43419,33.7139276955332,73.0883396270628,561.38557784725,0.049962531793895,-0.316736981849862
43420,33.7139280837587,73.0883394463761,561.535707124509,0.0524554491598132,-0.341882812222649
43421,33.713928458186,73.0883389819023,561.81239161035,0.0518559986225118,-0.371956954679391
43422,33.7139288140339,73.0883381719873,562.210310325027,0.0571489680603567,-0.414855325251774
43423,33.7139291326285,73.0883378249353,562.314873122377,0.0615222548510941,-0.445776767150791
43424,33.7139294435423,73.0883374640741,562.360955216456,0.0612697852248324,-0.481027762181099
43425,33.7139297353734,73.0883371378684,562.346783003071,0.0630749393955632,-0.517883094642418
43426,33.713930007084,73.0883368810518,562.272373601794,0.0653766782200766,-0.551229753114566
43427,33.7139302580512,73.0883366673007,562.156202522805,0.0659926675261595,-0.581711782083058
43428,33.7139305397496,73.0883357989777,562.180128869833,0.0644927970768869,-0.621084056455813
43429,33.7139307990102,73.088334970538,562.152487738291,0.0677691670383409,-0.660755096598897
43430,33.7139310016552,73.0883350199023,561.920729358215,0.0709621979146475,-0.682986569169657
43431,33.7139311961929,73.0883350574788,561.682096634759,0.0718314360596101,-0.699551957979775
43432,33.713931385219,73.0883350105418,561.448505253065,0.0734590893984129,-0.715666338821943
43433,33.7139315713437,73.0883348661109,561.217930451035,0.0721648001969872,-0.730781925562412
43434,33.7139317490824,73.0883346966508,560.989207581151,0.0747095733575894,-0.745591957765256
43435,33.7139319268111,73.088334513344,560.764738859609,0.0729998243810284,-0.756089845945358
43436,33.7139321026208,73.0883343046643,560.544537221082,0.0701346880794339,-0.766322978441562
43437,33.7139323184722,73.0883332344281,560.412986457115,0.0660366870716031,-0.789053219524572
43438,33.7139324697031,73.0883331493536,560.191302605439,0.0612529169122828,-0.793882789820706
43439,33.7139326516088,73.0883321625167,560.04454149236,0.0617005151582263,-0.810575416590746
43440,33.7139328630764,73.0883304197382,559.954468433978,0.0631925174376948,-0.833830749427922
43441,33.7139330014719,73.0883299612949,559.785039547132,0.0603852089573146,-0.828464496489808
43442,33.7139331275732,73.0883296200506,559.613100847462,0.0579050441974897,-0.818661148816577
43443,33.7139332433777,73.0883293554603,559.44036024157,0.0555787314613941,-0.808930797390629
43444,33.7139333898728,73.0883282297565,559.315586444922,0.0518767663987806,-0.809796080604102
43445,33.7139335186208,73.0883272246105,559.183746131137,0.0454555268312553,-0.80699522904577
43446,33.7139336265688,73.0883263727953,559.046447681962,0.0388853308148608,-0.801696674838813
43447,33.7139337448237,73.0883247252503,558.938507749233,0.0357167189897035,-0.806082472154839
43448,33.7139338811892,73.0883223620932,558.852696372429,0.0373869819433525,-0.814952897392469
43449,33.713934004896,73.0883204092131,558.757231526775,0.0375429723739291,-0.816209218875475
43450,33.7139340371567,73.0883213625295,558.603093756363,0.0367934121723339,-0.770131575605206
43451,33.7139340422917,73.0883233359091,558.431977899047,0.0323311676252634,-0.710414941510402
43452,33.7139340308593,73.0883257164354,558.252569033997,0.0344612252226209,-0.643057481979087
43453,33.7139340469523,73.0883273624968,558.086261195829,0.0361342478345503,-0.58999858115785
43454,33.7139341076469,73.0883278586249,557.944580129115,0.0351277672514716,-0.552505427052182
43455,33.7139341593234,73.0883288635285,557.800415532896,0.0326988979084891,-0.513774244246824
43456,33.7139342439104,73.088328948811,557.672554430319,0.0342724517274939,-0.487495287689972
43457,33.7139343112519,73.0883295369663,557.5445499341,0.0329459941882429,-0.451860737584
43458,33.7139344070414,73.0883293880608,557.429160815198,0.0329484585288065,-0.425435491361121
43459,33.7139344857653,73.088329713814,557.313013163162,0.0308891328100512,-0.393841607562929
43460,33.7139345879175,73.0883294876256,557.208848868264,0.0320477465956922,-0.371747847967697
43461,33.7139346906082,73.0883292661311,557.108695847448,0.0342714881464925,-0.353027666753174
43462,33.7139347619214,73.088329481198,557.013192672981,0.0335309382999421,-0.325133786924474
43463,33.713934838429,73.0883296163658,556.923080228502,0.0297090071748097,-0.300367334407347
43464,33.7139349317659,73.0883293667925,556.838724735193,0.0309583375304862,-0.280169438210578
43465,33.713935013155,73.0883294311841,556.76037506829,0.0297315433001107,-0.254028649184617
43466,33.7139350896502,73.0883294798188,556.685327155516,0.0278065409531465,-0.230223581199017
43467,33.713935153788,73.0883295113846,556.616970278323,0.0283532436710884,-0.20979857006225
43468,33.7139351991143,73.0883297090428,556.552197903162,0.0293840360897148,-0.185197535285177
43469,33.7139352614476,73.0883296603751,556.489268738776,0.0286574675581254,-0.168848796372445
43470,33.7139352999421,73.0883297685865,556.429413834587,0.0301705184180064,-0.155920916466193
43471,33.7139353829817,73.0883295209938,556.371346991276,0.0328304075656247,-0.148220183456477
43472,33.7139354263597,73.0883294711661,556.320265787654,0.0346189474541684,-0.139580112327102
43473,33.7139354576981,73.0883294288249,556.27150697168,0.0329288937605628,-0.130747637138136
43474,33.7139355001348,73.0883292543773,556.223558103433,0.0300280416545043,-0.127606897062857
43475,33.7139355022116,73.0883292490361,556.180164907826,0.0291766963223373,-0.122391369804774
43476,33.7139355515046,73.0883289776829,556.135440074606,0.0266031838258248,-0.119771442396106
43477,33.7139355526866,73.0883288948629,556.09548963164,0.0221347745168555,-0.117879140498603
43478,33.7139355383547,73.0883288376755,556.057954830118,0.0230998277730717,-0.116061501005248
43479,33.713935514685,73.0883287966362,556.022067253944,0.0189857310265893,-0.11256698024984
43480,33.7139355027414,73.0883286425703,555.985960330581,0.0149450749615364,-0.110452656116502
43481,33.7139354582268,73.0883286715983,555.954666779842,0.00971225910707041,-0.104344616986809
43482,33.7139354033439,73.0883286939947,555.924588223221,0.00305207712979451,-0.098154714016842
43483,33.7139353276586,73.0883289361296,555.904571685009,-0.00202914004294691,-0.0861632509534613
43484,33.7139352564636,73.0883290043788,555.881677789148,-0.00672634346871602,-0.0785813252487612
43485,33.7139351755721,73.0883291332103,555.861400858965,-0.0096867069062928,-0.0678354325698365
43486,33.7139350930493,73.0883291433952,555.839890353614,-0.0144260413236313,-0.0592465048051861
43487,33.7139349999126,73.0883291423525,555.819815738359,-0.0147741125649773,-0.0514058980628321
43488,33.7139349062812,73.0883291825614,555.802634023828,-0.0126686103138848,-0.047832198512638
43489,33.7139348088699,73.0883291525282,555.788027063245,-0.0131683498255174,-0.0456869691542127
43490,33.7139347041017,73.0883291100001,555.775055755628,-0.00504946780969065,-0.0436096073305344
43491,33.7139346255515,73.0883290187349,555.760759956669,-0.00461880455941831,-0.0402401695580927
43492,33.7139345534277,73.0883289322725,555.749468685593,0.000769109222234121,-0.0396326787201116
43493,33.7139344965554,73.0883288595227,555.73662261758,0.00343633122593971,-0.0397462829142825
43494,33.7139344425805,73.0883288279183,555.722742483718,0.00414246422248695,-0.039300456074423
43495,33.7139343858655,73.088328831963,555.712111577159,0.00593693891493747,-0.0382806209945788
43496,33.7139343459943,73.0883287834607,555.704388441285,0.00934700437297862,-0.0405487330910052
43497,33.7139343061108,73.0883287434355,555.696951356018,0.0149430578549144,-0.0418031666662403
43498,33.7139342719298,73.0883287020105,555.690565379104,0.0166220485100961,-0.0439281181732256
43499,33.7139342179235,73.0883287123142,555.682227043901,0.0174608911076985,-0.0404499784386736
43500,33.7139341627045,73.0883287127646,555.674506012117,0.0182266837195956,-0.0361178723720542
43501,33.7139341034556,73.088328712879,555.66728605493,0.0172365894961468,-0.0319878196941852
43502,33.7139340417579,73.0883287135155,555.660862087971,0.0139388487934636,-0.030754727129295
43503,33.7139339730718,73.0883287153916,555.654740784084,0.0114616027157364,-0.0287123960523815
43504,33.7139339019153,73.0883287299271,555.649081274401,0.0108038855350071,-0.0337021747033641
43505,33.7139338225198,73.0883287456584,555.647819212871,0.0115256522508104,-0.0382264107701917
43506,33.7139337365789,73.0883287660866,555.646552714519,0.0124476613405137,-0.0421314049970391
43507,33.7139336471157,73.0883287846675,555.645437748404,0.0155726339345134,-0.0427843059908493
43508,33.713933555556,73.0883288087088,555.644400705351,0.0187098221716774,-0.0426023865943468
43509,33.7139334665197,73.0883288411512,555.643946284661,0.0215870617477672,-0.0444333514968839
43510,33.713933383658,73.0883288764602,555.643497261684,0.0223200429909188,-0.0448404169402264
43511,33.713933293176,73.0883289179044,555.642788556172,0.0213461019915552,-0.0448980072055998
43512,33.7139331990082,73.0883289627689,555.641886759317,0.0250866305497957,-0.0429294122823573
43513,33.7139331031497,73.0883290060191,555.641174369026,0.027435062079023,-0.0404530004920669
43514,33.7139330045605,73.088329051114,555.640390763758,0.0319221701573448,-0.0412875297620199
43515,33.7139329094554,73.0883290940083,555.639872717205,0.033114293298373,-0.0424988034061984
43516,33.713932809197,73.0883291334723,555.639267338905,0.0337967438515382,-0.0468224541175158
43517,33.7139327096049,73.0883291689756,555.638696063543,0.0356480189495741,-0.0537780900115703
43518,33.7139326083898,73.0883291898677,555.638282634318,0.0395741492837773,-0.0616375233311598
43519,33.7139325070938,73.0883291942625,555.638612190727,0.0385641354414691,-0.0705791820080998
43520,33.7139324384428,73.0883291160365,555.64302715566,0.0383711841399252,-0.0824986007317485
43521,33.7139323194318,73.0883291036203,555.646663266234,0.0370383376127413,-0.0949017564822197
43522,33.7139322068649,73.0883290719634,555.652761194156,0.0317779609554952,-0.10511634558309
43523,33.713932094214,73.0883290241534,555.660102652386,0.0313476934220985,-0.116498260917068
43524,33.7139319804582,73.0883289654208,555.666814748431,0.02958135235735,-0.127534282147989
43525,33.7139319090822,73.0883287695917,555.675670083845,0.031437606681659,-0.142417143855107
43526,33.7139318404888,73.0883285855165,555.685160163557,0.0273743110175582,-0.152952582402565
43527,33.713931800759,73.0883282551244,555.693682902958,0.0238407726945156,-0.162287166675887
43528,33.7139317270269,73.0883281365159,555.705433621537,0.0224512061915594,-0.168205731157686
43529,33.7139316315178,73.0883281907042,555.717758342391,0.0206339357353084,-0.169610607046057
43530,33.7139315492012,73.0883282095286,555.731846815906,0.0182492698763408,-0.171496718803245
43531,33.7139314815101,73.0883281994784,555.746884494321,0.016500502813219,-0.173800873930845
43532,33.7139314301268,73.0883281672095,555.761188234203,0.0183894574091548,-0.175552035009814
43533,33.7139313980146,73.0883281160631,555.774720446439,0.0223572326121088,-0.17769423375019
43534,33.7139313829016,73.088328043662,555.790110896342,0.021331138560613,-0.177562152069166
43535,33.7139313830469,73.0883279590111,555.806070246967,0.0237256914441988,-0.176145826294519
43536,33.7139314005724,73.0883278585412,555.821419935673,0.0226711281246325,-0.175336830017474
43537,33.7139314283322,73.0883277419024,555.836204462452,0.0184227674181023,-0.173918107773572
43538,33.7139314749004,73.088327467587,555.849598107859,0.0191903244699234,-0.175948246081479
43539,33.7139315310916,73.0883271887174,555.862785438076,0.0201366261152726,-0.180927073012651
43540,33.7139315953785,73.0883269489033,555.875548586715,0.0202908427816911,-0.183410532070438
43541,33.7139316568997,73.0883269012538,555.884710345184,0.0207066618204074,-0.177462422022204
43542,33.713931741213,73.0883266715716,555.893635418033,0.0221510953169133,-0.172342610793893
43543,33.7139318228024,73.08832662996,555.902506839717,0.0230907005885324,-0.163336155904937
43544,33.713931917633,73.0883265719166,555.911035643192,0.0231440061854393,-0.154249819140889
43545,33.7139320207083,73.0883265090128,555.91934159887,0.0214671020774193,-0.141922921628165
43546,33.7139321301331,73.0883264439981,555.927344150608,0.0215728738141505,-0.135112576986739
43547,33.7139322416857,73.0883263812095,555.934431920992,0.0245598553890404,-0.133691875800607
43548,33.7139323680486,73.0883261924355,555.940853947774,0.0300157889718723,-0.130053589116278
43549,33.7139325159557,73.0883259088909,555.946763033746,0.0321580189202847,-0.124438359600102
43550,33.7139326341192,73.0883258074778,555.952504739165,0.0329837875943122,-0.116839392557719
43551,33.713932768933,73.0883256000349,555.954829527996,0.0358900948329083,-0.113027460803692
43552,33.7139328712452,73.0883255486884,555.957718290156,0.035745851396192,-0.109892347402799
43553,33.7139330112399,73.0883252641908,555.961285409518,0.0383305307139485,-0.110144369247712
43554,33.7139331110119,73.0883251458903,555.965818953002,0.0376365351910347,-0.104551468549815
43555,33.7139332023768,73.0883250528101,555.970727978274,0.034150889596711,-0.106252398040505
43556,33.7139332995912,73.0883248546009,555.974187910324,0.0310925991959362,-0.105465222973733
43557,33.713933384565,73.0883247044427,555.977689592168,0.0314878028794637,-0.10676138481682
43558,33.7139334866794,73.0883244556396,555.979656100972,0.0314407864556634,-0.107809645499159
43559,33.7139335771997,73.0883242507331,555.981431724504,0.0313260442496954,-0.107054281484749
43560,33.7139336884678,73.0883239469451,555.981120357756,0.0300636312574862,-0.112941116278393
43561,33.7139338174375,73.0883235007443,555.979274568614,0.0313667259703258,-0.12043160018541
43562,33.713933865706,73.088323521766,555.981537116924,0.0294883377764059,-0.121167089263028
43563,33.7139338810131,73.0883237738155,555.986306270584,0.0274979375024886,-0.118700777811731
43564,33.7139338706264,73.088324178957,555.993200684665,0.0245339401405606,-0.113155581498662
43565,33.7139338922526,73.0883243445317,555.99695572746,0.0256468362618717,-0.112517602120308
43566,33.7139339156327,73.0883244818331,556.000145816011,0.0250619796671716,-0.111952461727636
43567,33.7139339112385,73.0883247900778,556.005267763278,0.0235442997448116,-0.106538589395797
43568,33.7139339050858,73.0883250467098,556.010077201296,0.0212994788642532,-0.10363974978477
43569,33.7139339026399,73.0883252531493,556.013992565684,0.0194508232168834,-0.102445444323444
43570,33.7139339014047,73.0883254120845,556.017601603409,0.0155276562034488,-0.102026715299503
43571,33.7139338952963,73.0883255298302,556.021008548094,0.0171149096153615,-0.105086362382851
43572,33.7139338863288,73.0883256153601,556.023969182279,0.0213106681180138,-0.106547667390296
43573,33.7139339032602,73.0883255413027,556.025440554367,0.0273010840597589,-0.108526447959477
43574,33.7139339245901,73.0883254644091,556.026548148133,0.0307493427376996,-0.108699874040033
43575,33.7139339109587,73.0883255239934,556.031364491675,0.0321132573452188,-0.103673020915022
43576,33.7139339728103,73.0883252981666,556.033353147795,0.0373357907667813,-0.0999480619783381
43577,33.7139339931916,73.0883252382826,556.037883063778,0.0414305281829321,-0.0928298021208323
43578,33.7139339656388,73.0883253000763,556.044721477898,0.0410441731185291,-0.0834896208659114
43579,33.7139339887725,73.0883252262605,556.049007727066,0.0414744960563863,-0.0773594896336404
43580,33.713933964163,73.0883252480443,556.055260701338,0.0375086373230047,-0.0672498737030675
43581,33.7139339453761,73.0883252394585,556.061149277491,0.0343938646891655,-0.0543854573766785
43582,33.7139339377823,73.0883252108076,556.066837366205,0.0300558027329525,-0.0422592749498682
43583,33.7139339380849,73.088325166674,556.071702645393,0.02442779930125,-0.0329962972053877
43584,33.7139339647042,73.088325084341,556.074434254086,0.0197976652179536,-0.0248960695843722
43585,33.7139339711933,73.0883250268004,556.078988709254,0.0154975107020858,-0.0143905891438587
43586,33.713933997677,73.088324963722,556.081398445182,0.0151830971755521,-0.00412648926591278
43587,33.7139340116681,73.088324905732,556.08520903415,0.0141555034003669,0.00366406757946391
43588,33.713934030728,73.0883248418832,556.088442801498,0.0116388402480501,0.0102689849157402
43589,33.7139340559091,73.0883247745893,556.091342090396,0.010175134687357,0.01618031172509
43590,33.7139340869407,73.0883246984991,556.093996549258,0.00923519423041286,0.0223170689518703
43591,33.7139341159793,73.0883245884896,556.104669726687,-0.197204135525926,-0.103050873244715
43592,33.713933917518,73.088324381355,556.079683207441,-0.00436157407107921,0.0237602414232316
43593,33.7139339728081,73.0883243143166,556.07715485245,-0.0264334709110078,-0.00422634464543818
43594,33.7139339878153,73.0883241878193,556.070089794695,-0.0499741915008462,-0.0308517230820379
43595,33.713933811909,73.0883240114508,556.075025685597,0.377253038376046,0.107208937488529
43596,33.7139345633185,73.0883242396511,556.082387793111,0.153641332013286,0.078437364666812
43597,33.713934531388,73.0883241032961,556.082202353748,-0.371372127041628,-0.087191003290998
43598,33.713934756577,73.0883240712704,556.089827055112,-0.273794229317969,-0.11545715430449
43599,33.713934777711,73.0883238754861,556.093239814043,-0.449537279872161,-0.128202986102871
43600,33.7139348165492,73.0883238512149,556.101161065977,-0.183506205529599,-0.13599954168786
43601,33.7139348024443,73.0883236757473,556.11239240272,-0.353513938031495,-0.190522288527149
43602,33.7139350247705,73.0883236749649,556.1224596838,-0.361608670580949,-0.174312382067024
43603,33.7139350875866,73.0883235985095,556.135296138003,-0.270185069005613,-0.129473125109219
43604,33.7139351479731,73.0883235113026,556.148388924543,-0.315545315411979,-0.148353021153549
43605,33.713935165904,73.0883234032647,556.160871140659,-0.342718312222181,-0.195303980817649
43606,33.7139351268448,73.0883232678226,556.176890035393,-0.380137934898503,-0.222806605981034
43607,33.7139355169208,73.0883233639197,556.180897454498,-0.403937634725566,-0.231211355455663
43608,33.71393524201,73.0883234343505,556.205997524085,-0.138341617659839,-0.516269961084249
43609,33.713935010167,73.0883227122897,556.249712932622,-0.349925622457121,-0.117578064268357
43610,33.7139349285162,73.0883226599996,556.266837375006,-0.279139880928492,-0.0190073216162573
43611,33.7139349623589,73.0883225995113,556.288784251316,-0.425223127836718,-0.099954053141901
43612,33.7139348069497,73.0883224013066,556.315216009971,-0.419712397549492,-0.140013050012483
43613,33.7139348702797,73.0883229324505,556.327728972072,-0.603468720139365,-0.763731357434224
43614,33.7139359522239,73.0883203403982,556.343585480237,-0.393482265461372,-1.51932801768444
43615,33.7139417870193,73.0883129497634,556.369627892738,-0.857079118964273,-1.63985352361866
43616,33.7139397526981,73.0882973800624,556.423784123035,-1.75574557035914,-1.40519891070872
43617,33.7139351431425,73.0882755375158,556.507407310652,-1.8167284189592,-1.39838269592036
43618,33.7139248337345,73.0882493301998,556.613975149347,-2.35368167943899,-1.71566402708354
43619,33.7139097283908,73.0882216919168,556.69530995423,-2.68630019858464,-2.18021243109093
43620,33.7138909509798,73.0881874621813,556.803659409052,-2.9382983283034,-2.51795083624747
43621,33.7138681138997,73.0881472602346,556.936678626575,-2.92193799012695,-3.0567333384947
43622,33.7138431812238,73.0881032331759,557.099609570112,-3.11343401768172,-3.23775783532253
43623,33.7138176850151,73.0880581528396,557.28027874697,-3.09713489470058,-3.19065651330207
43624,33.71379073772,73.0880135398938,557.444718104322,-3.02761495324464,-3.35702213235719
43625,33.7137633251872,73.0879675239665,557.594873908674,-3.10954776062222,-3.37529889507438
43626,33.713735691461,73.0879149946728,557.768271122593,-3.13688675264313,-3.50559013836448
43627,33.713707896294,73.087864110421,557.918853853596,-3.22760001208082,-3.58816564413849
43628,33.7136793436984,73.0878103067753,558.09871257958,-3.3102918543897,-3.72824079731504
43629,33.7136515875146,73.0877558337632,558.288689940935,-3.29344129086004,-3.9416447982255
43630,33.7136222031746,73.0877037598206,558.446906873491,-3.26696296533705,-4.06848243335023
43631,33.7135919040384,73.0876509690874,558.663486726116,-3.27825575162218,-4.20324770344693
43632,33.7135623591565,73.0875968170676,558.882329334971,-3.26816850082196,-4.28049776896169
43633,33.7135336983968,73.0875440153585,559.083534284262,-3.37753430541755,-4.27444823388796
43634,33.7135060136359,73.0874894053311,559.322480596136,-3.22943300969554,-4.46736206674033
43635,33.7134770332677,73.0874338203758,559.53948417725,-3.05672564927902,-4.72011783461051
43636,33.7134478082696,73.0873773353005,559.772784292232,-3.04019046416513,-4.74913250293273
43637,33.7134189543483,73.0873215280746,559.976068369579,-3.13255801012096,-4.84386940997634
43638,33.713391858885,73.0872634251601,560.205940827029,-3.01215993648165,-4.77251151940322
43639,33.7133652769499,73.0872071859955,560.378103253199,-2.73035313774944,-4.63329664376394
43640,33.7133404869118,73.0871532288626,560.554703165311,-2.52853869908527,-4.42640796965656
43641,33.7133166013051,73.0871021580447,560.808361498406,-2.40548558224358,-4.21070370645005
43642,33.7132915179246,73.0870548992594,561.118641857756,-2.37516798267764,-4.21284492252774
43643,33.7132680577847,73.0870124419757,561.446848138003,-2.40047443662562,-4.1981366276826
43644,33.7132448025444,73.0869677149785,561.846649999032,-2.4890843098386,-4.18375099639376
43645,33.7132226156669,73.0869211071157,562.196234152652,-2.63406931494478,-4.1692835942885
43646,33.7131995784529,73.0868733747689,562.553452052874,-2.67325435808591,-4.24038415871957
43647,33.7131751451634,73.0868248935532,562.836311955005,-2.69095387172396,-4.35389777937877
43648,33.7131489558328,73.0867761996099,563.102297063451,-2.75636655225102,-4.40385975298592
43649,33.7131209859892,73.0867281388654,563.371479878202,-2.85939444451398,-4.29443863667113
43650,33.7130918133575,73.0866775516808,563.659314917866,-2.73890960865859,-4.34224949993461
43651,33.7130644939298,73.0866269152535,563.888149379287,-2.49009890721362,-4.26151481969144
43652,33.7130407695391,73.0865789247938,564.075890536886,-2.1410554655493,-3.98394201428698
43653,33.7130197819985,73.0865354238127,564.251807114808,-1.92116304018426,-3.78677463386457
43654,33.7129985778456,73.0864939924347,564.492384524783,-2.25076079009484,-3.88857754344722
43655,33.7129774865593,73.0864524722839,564.793865169398,-2.1309448199726,-3.98562185503509
43656,33.7129572854577,73.086410306315,565.047964019002,-1.77421363423755,-3.90654488062889
43657,33.7129376627821,73.0863681248971,565.28562727361,-1.46324186114699,-3.6916812084581
43658,33.7129204438622,73.0863275286329,565.477926285472,-0.637678078106113,-3.96958026888963
43659,33.7129116573403,73.0862881787569,565.726306302706,0.789676679826039,-4.31605799560392
43660,33.7129089998263,73.0862523144043,565.935612101573,1.94917422447797,-4.15807704981398
43661,33.71291684898,73.0862246494038,566.16422064323,2.38438003403829,-3.75577413615662
43662,33.7129366464699,73.0861959570433,566.344197093043,2.81415235702325,-3.56908753364145
43663,33.7129618774431,73.0861633020137,566.521752124652,3.20636592402157,-3.53458659982545
43664,33.7129894304059,73.0861292236367,566.698116391199,3.61510715374888,-3.43217776724677
43665,33.7130199245588,73.0860962611509,566.849227430765,3.97623256814636,-3.21743010775055
43666,33.7130569035122,73.0860601252254,566.987331731478,4.16030669590161,-3.27191476238419
43667,33.7130968654887,73.0860237622342,567.0790761346,4.45152285046533,-3.24417221948209
43668,33.7131388317683,73.0859885386889,567.170357258758,4.64511789593005,-3.14870150935318
43669,33.7131817974364,73.0859541024084,567.214099286823,4.7990946308241,-3.1110406554786
43670,33.7132249900114,73.0859195865834,567.238896602299,4.88413984791252,-3.06210340322016
43671,33.7132687620247,73.0858828149885,567.215096906526,4.95742318086167,-3.1409408394072
43672,33.7133140081189,73.0858451569466,567.179506995017,4.90447131130604,-3.28207729947529
43673,33.713359455278,73.0858081203059,567.110817841021,4.68764061951293,-3.2288181763334
43674,33.7134018915687,73.0857705580043,567.050619229209,4.64042058667123,-2.99836599606284
43675,33.7134433026165,73.0857336319503,566.946410310222,4.97398319781956,-2.75880451510977
43676,33.7134855096842,73.0857022128053,566.91479165596,4.85715973024325,-2.8095054137838
43677,33.7135263184936,73.0856731645483,566.816658782773,4.81137151783193,-2.88499798651042
43678,33.7135668932075,73.0856424983357,566.68528034864,4.87707322431428,-2.83830596567521
43679,33.713608063622,73.0856099174014,566.524754718645,4.96388916345752,-2.90243657048232
43680,33.7136498156854,73.0855778212063,566.353297227761,4.86058410109659,-3.08839585129832
43681,33.713692588996,73.0855460823635,566.162002428202,4.9565799102118,-3.10843485831024
43682,33.7137366223673,73.0855110704567,565.956725444878,5.1373855483805,-3.15790821079079
43683,33.7137817937612,73.085472649331,565.760094117606,5.25027254105079,-3.22130429708015
43684,33.7138264148307,73.0854359050909,565.53194059222,5.3308606890282,-3.34560420906449
43685,33.7138729340923,73.085400792424,565.308974866988,5.29215065661596,-3.49620116180997
43686,33.7139202296152,73.0853659014702,565.082913440652,5.30796880462916,-3.66026489139719
43687,33.7139667398158,73.0853286982771,564.852918564575,5.43390865825991,-3.58881870757999
43688,33.7140155239055,73.0852886880663,564.663944927277,5.58087197200536,-3.57316176984805
43689,33.7140678600859,73.0852480954409,564.469470687909,5.76510505173176,-3.55622045042203
43690,33.7141217901456,73.0852081271677,564.289603126701,5.71295794518084,-3.76596874206169
43691,33.7141767318989,73.0851687636043,564.083553861594,5.75815375459671,-3.85103886188172
43692,33.7142296879886,73.0851281928044,563.840323713841,5.79800034006479,-3.71047286761448
43693,33.7142817816454,73.0850876552052,563.652401804924,5.65004394416305,-3.58819322608007
43694,33.7143339883726,73.0850502509877,563.415610362776,5.38207547399247,-3.66283594081444
43695,33.7143852100833,73.0850129815706,563.211070518009,5.44662194833008,-3.65163856339476
43696,33.7144377756622,73.0849757056901,562.988367422251,5.6427279348068,-3.50003214165893
43697,33.7144867773897,73.0849384467304,562.771695058094,5.3218658869919,-3.30072019726566
43698,33.7145334336078,73.0849024198068,562.575351168634,4.77158323184329,-3.12219415148505
43699,33.7145779668001,73.0848672729936,562.368821121985,4.31122112149938,-2.90762967420459
43700,33.7146197478143,73.0848344525419,562.165069227107,3.39547035885409,-3.34324541316099
43701,33.7146557988133,73.0848011279976,561.907679032767,2.36205529153436,-3.42037357617176
43702,33.7146831663216,73.0847648337665,561.74475454702,1.41660977038381,-3.47332841948169
43703,33.7146997737949,73.0847247640218,561.567475927062,0.342388540936982,-3.77444630885637
43704,33.714707446493,73.0846795089521,561.420823054388,-0.313602085673615,-3.95761196059593
43705,33.7146987454356,73.0846301728295,561.312073608628,-0.94564979993512,-4.09565756665591
43706,33.7146826990755,73.0845793513808,561.198437621817,-1.64362761147491,-4.24973080928932
43707,33.7146623843682,73.084528205998,561.091072732816,-2.30067939439456,-4.26867267111892
43708,33.7146377535907,73.0844763318766,560.995146460133,-2.61687424819046,-4.45218630440117
43709,33.7146099205048,73.0844254686989,560.892135787522,-2.71598383967498,-4.80106693949809
43710,33.7145807469135,73.084374545411,560.810292921495,-2.78066850059246,-5.1108348526487
43711,33.7145502108663,73.0843211179173,560.723652271554,-3.0971781515813,-5.1876880265672
43712,33.7145199355135,73.0842661572306,560.662328458624,-3.39983300062319,-5.17083589063325
43713,33.7144893594079,73.0842096713321,560.610526611796,-3.53217489718652,-5.28917179843061
43714,33.7144555146718,73.0841525322316,560.565336808097,-3.52621643994843,-5.50498858712621
43715,33.7144222633425,73.0840935145311,560.542200847063,-3.62060335418724,-5.57728589486813
43716,33.7143904557761,73.0840329613587,560.526750362944,-3.65189349109825,-5.66733178907918
43717,33.7143587060482,73.0839724755777,560.50977075682,-3.70123696779852,-5.71584025595176
43718,33.7143271851658,73.0839111705522,560.499748957809,-3.71798238472209,-5.78952561886971
43719,33.7142949298416,73.0838484484673,560.503400245681,-3.85101218418114,-5.8082561810622
43720,33.7142620070921,73.0837874883824,560.51523290528,-3.92917354171365,-5.84293426753008
43721,33.7142285727622,73.0837272637837,560.534089507535,-4.01116812475429,-5.80348637923507
43722,33.7141947392409,73.0836660734775,560.551090474008,-3.8998400327064,-5.93108846769732
43723,33.7141614271639,73.0836045063937,560.553267455893,-3.79706768268168,-6.08162655630056
43724,33.714130465742,73.0835421459957,560.573200871237,-3.91558353312185,-6.05663589242477
43725,33.7140983497032,73.083478767768,560.582694517681,-3.91545715697016,-6.05123475939335
43726,33.7140657837433,73.0834133264686,560.606172878994,-3.98162784356747,-6.03020113821162
43727,33.7140347024993,73.0833483938631,560.620839354116,-4.08211968207951,-6.02125177587911
43728,33.7140020081988,73.0832842484445,560.647591184592,-3.89928124805361,-5.88240273382788
43729,33.7139690535735,73.0832208725101,560.678344832035,-3.74026251802225,-5.95179965164158
43730,33.7139364725545,73.0831593497097,560.727319037542,-3.76716765300925,-5.8545036523571
43731,33.7139042028863,73.0830977534363,560.798739228165,-3.77305954986995,-5.7354891959186
43732,33.7138736832913,73.0830342293849,560.869343557628,-3.57059872736725,-5.76785961941319
43733,33.7138438556568,73.0829707685236,560.938235040754,-3.47673794198333,-5.74867828873018
43734,33.7138144872441,73.0829093116173,561.022663846612,-3.50734548033133,-5.67799813164153
43735,33.7137855693023,73.082850102655,561.10681402334,-3.37268869175733,-5.61900331067203
43736,33.7137566911897,73.0827910110806,561.17460340634,-3.20671011076295,-5.49197839957804
43737,33.713728108128,73.0827320231228,561.268501045415,-3.0325465903794,-5.1338626379926
43738,33.7137016818927,73.0826755856478,561.346057959832,-2.7087253593341,-4.73035711705781
43739,33.7136768988591,73.0826214007727,561.439459953457,-2.76708879905506,-4.80964141526012
43740,33.7136542169721,73.0825716971661,561.531567616388,-2.76129627455209,-5.37833962579168
43741,33.7136322921318,73.0825227062809,561.592890938045,-2.91000319289683,-5.75364015247276
43742,33.7136093164716,73.0824673747794,561.638653731439,-3.17258755688279,-6.05921173587963
43743,33.7135859691382,73.0824001855801,561.676948298234,-3.81033730631521,-6.16564232285223
43744,33.7135548782755,73.0823277248021,561.70383442333,-4.07315926441636,-6.57723710847611
43745,33.7135193255166,73.0822515370498,561.709175121039,-3.9137349696048,-7.29042609087405
43746,33.7134809894125,73.0821694184379,561.708209391451,-4.23950439668337,-7.80104556417801
43747,33.7134383640104,73.0820823466434,561.706242757151,-4.7401987611361,-8.30661357878438
43748,33.7133922306501,73.0819897116111,561.712991775945,-5.1798461037033,-8.72110797511261
43749,33.7133445873685,73.0818935497774,561.686225459911,-5.14401887218386,-8.75035401336943
43750,33.7132927212989,73.0817908508472,561.657553342171,-4.7951450334426,-8.40386821048181
43751,33.7132385414662,73.0816851944707,561.629942335887,-4.57406213339045,-8.18593482520091
43752,33.7131889290977,73.0815825484084,561.598636621842,-4.7639655546755,-8.31648064857794
43753,33.7131417432062,73.0814844685924,561.603624055628,-4.63173458339996,-8.51614519948456
43754,33.7130932226021,73.0813899410414,561.609225415159,-4.84603058843116,-8.59286030859209
43755,33.7130427627811,73.0813012519801,561.62638638611,-5.13021078840917,-8.00076837500757
43756,33.712992634192,73.0812169319374,561.621776248096,-5.22337361572848,-7.97688427922141
43757,33.7129444380027,73.0811337766794,561.635442594066,-5.44947597453833,-8.04530339508355
43758,33.7128971518203,73.0810492073077,561.633762845537,-5.41619426009291,-7.93689846644311
43759,33.7128497604015,73.0809639115625,561.615035056369,-5.2538888212451,-8.05633023621488
43760,33.7128032980288,73.0808787652697,561.579405589728,-4.9247959516551,-8.27356297521171
43761,33.7127569942852,73.0807916883748,561.579829798779,-4.73152514201117,-8.3437779319587
43762,33.7127093556644,73.0807051215555,561.572271049256,-4.74924499135918,-8.28717109240742
43763,33.7126628789666,73.0806176766935,561.591285221511,-5.088431548099,-8.02448886075564
43764,33.7126155252771,73.0805289948751,561.622582654003,-5.10265879082859,-7.93747292370735
43765,33.7125682731602,73.0804409924361,561.60574663803,-5.01829303820722,-7.92611262199119
43766,33.7125229133383,73.0803539722068,561.615717535606,-5.02658905437697,-7.94617682701745
43767,33.7124787548389,73.0802694623104,561.573054709705,-4.94484497356409,-7.90649120014933
43768,33.7124346314484,73.0801856981923,561.554079342168,-4.92257820931476,-7.86783413585752
43769,33.7123909842513,73.0801016817881,561.517797467532,-4.96885076958216,-7.75180548250882
43770,33.7123482343145,73.0800179802445,561.471019262215,-4.74132401655974,-7.86649533920394
43771,33.712305271974,73.0799352494459,561.428613299271,-4.71465541004145,-7.95408537840986
43772,33.712262752083,73.0798511293916,561.381402153056,-4.76016004569874,-7.96867010563452
43773,33.7122196435527,73.0797648524252,561.352367514977,-4.77755766971311,-7.97540121294099
43774,33.7121738082833,73.0796773084834,561.299549611751,-4.8682654623296,-8.08391163005855
43775,33.7121273867373,73.0795897740252,561.287960871588,-4.97213980235209,-8.08413571349211
43776,33.7120816005566,73.0795049482878,561.280529183103,-5.08479341440495,-8.05613274487025
43777,33.7120361786229,73.079418154917,561.236196254147,-5.11249092712419,-8.05236788170281
43778,33.711990338395,73.0793291452994,561.185939301969,-4.94553292665463,-8.24293317535058
43779,33.7119455317306,73.0792372649872,561.196664009243,-5.04913945644501,-8.41631606668341
43780,33.7119011375765,73.0791447900672,561.263663562946,-5.10903929533887,-8.55540035676591
43781,33.7118563367957,73.0790526867349,561.315879912814,-5.174114017772,-8.71450770736343
43782,33.7118088536993,73.0789591850911,561.344096770743,-5.44263253156381,-8.7636466184566
43783,33.711761390944,73.0788652939783,561.376832116628,-5.34285978436016,-8.7195648092519
43784,33.7117127937499,73.078770801315,561.381415235344,-5.14683182557321,-8.79682107795136
43785,33.7116605576242,73.0786761776973,561.413033207646,-5.17147180847713,-8.70135769318181
43786,33.7116045705531,73.0785813905466,561.456558404025,-5.31989639147034,-8.61822798638003
43787,33.7115509257615,73.078486071196,561.473204922397,-5.39050411829995,-8.56593368223582
43788,33.7114996300502,73.0783896549482,561.52075130865,-5.45061072017347,-8.5432345910672
43789,33.7114502788916,73.0782945089714,561.540471111657,-5.31891345802536,-8.5894945586865
43790,33.7114023449032,73.0781997894427,561.553286032286,-5.38056979212603,-8.51810727968078
43791,33.711355271171,73.078104126065,561.550905287033,-5.41943010120573,-8.48948151459484
43792,33.7113074967054,73.0780106539855,561.549465402728,-5.43612575096556,-8.47113589080413
43793,33.7112570622729,73.0779175093808,561.521928292466,-5.25584496346662,-8.20482955843741
43794,33.7112076824417,73.0778267852161,561.492214953061,-4.93252777989869,-7.79815270586396
43795,33.7111636869734,73.0777422867484,561.471979395719,-4.48101407404565,-7.29700398960733
43796,33.7111222908828,73.0776620444003,561.432307171868,-4.88952120804155,-6.94804305616577
43797,33.7110799213497,73.077588329865,561.383909879718,-5.85527872033123,-6.3259745780749
43798,33.7110322238626,73.0775212572277,561.323352993699,-6.53342343711285,-5.5673799265274
43799,33.7109753067442,73.0774622751585,561.235125649953,-7.02390434033441,-4.94929075352776
43800,33.7109105786919,73.07741171781,561.219742330024,-7.19877105429084,-4.79987684363678
43801,33.7108459701443,73.0773585871296,561.448881125543,-7.0874070676837,-5.13535581318957
43802,33.7107833691665,73.0772993253841,561.588993241079,-6.82487964989225,-5.89216784785934
43803,33.7107235682178,73.0772318387883,561.790168209234,-6.42350910911337,-6.5967056223857
43804,33.7106679558794,73.0771562117675,562.039971676422,-5.89959351122174,-7.41314746621307
43805,33.7106168816565,73.0770734505521,562.313553421525,-5.49360295454646,-7.88202837115269
43806,33.71056792613,73.0769865084852,562.523741953541,-5.41909601751986,-8.20884651266586
43807,33.7105182114828,73.0768978016262,562.663500959054,-5.67266260490542,-8.19922479364283
43808,33.7104653684381,73.076811712579,562.852134104585,-6.05087186549938,-7.63420921255796
43809,33.7104085489246,73.0767374552612,562.998011180433,-6.53639910806606,-5.99031558082362
43810,33.7103500412465,73.0766805446915,563.143711135257,-6.25794275742414,-4.73721595028725
43811,33.7102973464098,73.0766309727077,563.419630035525,-5.33020475159474,-4.53771796421356
43812,33.7102550403764,73.0765823713567,563.675874536857,-3.98329164771643,-4.52317923198683
43813,33.7102260460962,73.0765318317539,563.957965923939,-2.48680633233423,-4.89417561104775
43814,33.7102106966877,73.0764733463635,564.218904587673,-0.927812378264949,-6.09327483594407
43815,33.7102077241516,73.0764010737567,564.386292606592,0.352842205339669,-7.26919462783219
43816,33.7102217079042,73.0763180326767,564.528691377724,2.92735094377749,-7.95280449764133
43817,33.7102606410927,73.0762332124208,564.72810913343,5.58079229788174,-7.64760350401682
43818,33.7103203436411,73.0761540539792,564.888963741018,7.49397231947205,-7.05171949353114
43819,33.7103931475632,73.0760793602759,565.050401289715,8.38485981635419,-6.84860147770395
43820,33.7104724332582,73.0760043683116,565.177318747388,9.2238605511108,-6.97024330465155
43821,33.7103173180911,73.0761145238481,561.089199890615,7.8912235817135,-5.40548373165578
43822,33.7103523763976,73.0760862083877,558.820178697584,7.98445382065231,-5.46731312905418
43823,33.710422721322,73.0760429654978,557.394676863682,8.1685411964677,-5.74146713104821
43824,33.710503957565,73.0759955696034,555.855572711909,8.45379199749689,-5.88721443307131
43825,33.7105910657683,73.0759407652725,554.607369442703,8.59013583719557,-5.87408396413733
43826,33.7106754777076,73.0758833497707,553.657275571488,8.59882572348657,-5.60770328315089
43827,33.7107624769663,73.0758285801319,552.515794250648,8.8269352734091,-5.59087608871475
43828,33.7108483530848,73.0757729360472,551.670530718286,8.93280352492205,-5.62902875722741
43829,33.7109335218397,73.0757178600462,550.847812138265,8.93584550437602,-5.54655546549265
43830,33.7110177355383,73.0756619177254,550.15886254888,9.0639197349796,-5.38832758549497
43831,33.7111007653309,73.0756059972336,549.692097196821,9.02484512024384,-5.24577557468151
43832,33.7111829322824,73.0755508439721,549.403641412733,8.97247031859084,-5.17086582777828
43833,33.7112640505039,73.0754961432321,549.163636250189,8.82384234325326,-5.22859875772851
43834,33.7113435249836,73.0754411964637,548.914546215907,8.69261232049293,-5.17460014701737
43835,33.7114206735901,73.0753861607474,548.688489957014,8.55253748852715,-5.1283367249896
43836,33.7114961251916,73.075330189348,548.475870720576,8.52316148207976,-5.09306376775869
43837,33.7115726941934,73.0752737563418,548.245332116028,8.37978716590092,-5.42736754475767
43838,33.7116496838399,73.0752157828006,548.05312963645,8.3484125550639,-5.44979053076603
43839,33.7117271493563,73.0751589805835,547.880746723851,8.64155300927976,-5.12798826104105
43840,33.7118046731694,73.0751048072666,547.744467837038,8.68866567204403,-5.19272122045296
43841,33.7118829903732,73.0750512706627,547.619734705193,8.72998299108466,-5.31868068903724
43842,33.7119610285144,73.0749968163424,547.501349217724,8.82550227133349,-5.31696159247779
43843,33.7120388058906,73.0749422146571,547.391470625531,8.98318358103501,-5.35415733042354
43844,33.7121172189347,73.0748863167627,547.308754044818,9.15411515761873,-5.19901921932234
43845,33.7121962968482,73.0748301141837,547.256107567344,9.08902154962052,-5.27996702288082
43846,33.7122775890617,73.0747730575001,547.203534074361,8.98612157508933,-5.27949514726063
43847,33.7123593343481,73.0747150625316,547.143779034493,9.03168688949738,-5.15010156249412
43848,33.712441417913,73.0746582214504,547.018605980556,8.97099387576712,-5.34918340675441
43849,33.712524297206,73.0746011326859,546.975518323248,9.01227590755525,-5.58066840970051
43850,33.7126054477141,73.0745431353858,546.951636717422,9.10680112324367,-5.63474954762989
43851,33.7126840380762,73.0744842156149,546.999963309849,9.11799447738023,-5.60282261303184
43852,33.7127615847702,73.0744225673875,547.078533395892,9.13757399665809,-5.63806525765509
43853,33.712840504524,73.0743599456615,547.169291408034,9.04303486493227,-5.64078533783793
43854,33.7129222675019,73.0742976512719,547.257275862386,9.07809778373107,-5.55426106816486
43855,33.7130048270955,73.0742344930275,547.368448036257,9.0085583474258,-5.57223865759184
43856,33.7130871480746,73.0741686932325,547.510344157228,8.9132631156481,-5.51287198169705
43857,33.7131694990007,73.0741043871651,547.70315971761,8.65048647873826,-5.59271736480624
43858,33.7132524002212,73.0740416375334,547.918122580741,8.24306177328892,-5.448886685014
43859,33.7133401153949,73.0739813307465,548.204190967605,7.56198992234186,-4.55731763909186
43860,33.7134250742107,73.073926304813,548.477711126674,7.0691478465479,-3.9533620065925
43861,33.7135066025441,73.0738793530622,548.76121601928,6.86338529154973,-3.37156000368608
43862,33.7135732119788,73.073844642165,549.075925898505,7.15250617400043,-3.3859100003858
43863,33.7136268113278,73.0738176190796,549.371055659605,6.55302204631187,-4.50654309554739
43864,33.7136786292644,73.0737853640616,549.682449579705,6.57789651573481,-4.55284126552887
43865,33.7137285765831,73.0737414642922,550.026446635136,6.82868383877984,-4.43999528263527
43866,33.7137812694082,73.0736931509905,550.349782089237,7.00771232325689,-4.48456761155867
43867,33.7138368825213,73.0736446681319,550.625628873007,7.11559706659644,-4.6060467555561
43868,33.7138970579757,73.0735957287355,550.88291140506,7.32173677009111,-4.6949949701244
43869,33.7139607573639,73.0735482080429,551.128623865545,7.4334484840967,-4.75768238604378
43870,33.714027236944,73.0734981674266,551.396852614824,7.50796166565429,-4.96894498358635
43871,33.7140953825905,73.0734470593613,551.711616625777,7.66481116466026,-5.07322914808303
43872,33.7141650367917,73.0733950335614,551.999038720038,7.85460574182487,-5.13513239897906
43873,33.7142365502213,73.0733416490671,552.294840700226,7.98409512827155,-5.25096071924951
43874,33.714311652203,73.0732855048778,552.597402079962,8.09143300000917,-5.37473950780641
43875,33.7143869185218,73.0732296177604,552.866546362871,8.21392309145877,-5.46625990121955
43876,33.7144610608501,73.0731725665557,553.123953696573,8.36749427711898,-5.5019453239537
43877,33.7145376822184,73.0731150054436,553.431915268768,8.42916247658579,-5.72187947976954
43878,33.7146163038119,73.0730544375265,553.707742263796,8.49342521076447,-5.72009345292327
43879,33.7146968991878,73.0729920987253,553.998990834225,8.59720605051482,-5.74449986328801
43880,33.7147782870126,73.0729302210654,554.232970522717,8.62729988161423,-5.80260865593939
43881,33.7148590810548,73.0728674576665,554.462778229965,8.41202388099315,-5.75827598743825
43882,33.7149392311905,73.0728049528834,554.695638668258,8.24186422237306,-5.5304327883535
43883,33.7150179616603,73.0727458725894,555.086548672291,8.22577754623149,-5.60861526016397
43884,33.7150960038544,73.0726872434211,555.465461449232,8.34176687491257,-5.80831087059215
43885,33.7151775035191,73.0726247390052,555.817763959989,8.5289963240574,-5.86154065201188
43886,33.7152598781406,73.0725592079085,556.124314326094,8.79832630398431,-5.7732162948223
43887,33.7153414655336,73.0724926650279,556.371971842134,8.94739133675992,-5.87466282938359
43888,33.7154229892041,73.0724248713868,556.659016512567,8.66528295848393,-6.04370668339694
43889,33.7155048854364,73.0723576539171,556.9289506122,8.2980246738447,-6.01631411718113
43890,33.7155866634434,73.07228939808,557.212978353258,8.30044426407949,-5.70273999536211
43891,33.7156631860003,73.0722228446575,557.472898317967,8.40895288697456,-5.58752741042477
43892,33.7157397964205,73.0721609935388,557.705903086113,8.46120621974219,-5.67544970064141
43893,33.7158179682302,73.0721009008402,557.93839875469,8.32457800665611,-5.68393498470377
43894,33.7158968690801,73.0720419889657,558.189726782497,7.7989410813512,-5.43935001031435
43895,33.7159726228894,73.0719826049719,558.395968873287,7.20208726975801,-5.3124605076151
43896,33.7160469533966,73.0719241849413,558.60215689824,6.98277546160883,-5.32789606898451
43897,33.7161151425291,73.0718688689572,558.726638590917,7.18203813949814,-5.39048970797386
43898,33.7161838252442,73.071813242691,558.885833284818,7.40929861172051,-5.32172427139524
43899,33.7162517728331,73.0717571491421,559.03744824091,7.60350560652309,-5.41970809126123
43900,33.7163203652461,73.0717000729329,559.195867412491,7.29758858369266,-5.24120907904554
43901,33.7163817332936,73.0716473808582,559.683851365931,6.11824948279185,-4.44646021819712
43902,33.7164285802708,73.0716030337825,560.132852555253,4.27907329822941,-3.78652329056467
43903,33.7164582941976,73.0715658783098,560.444537947187,2.18953250977956,-3.20404849239216
43904,33.7164661372503,73.0715267117613,560.396656196332,-0.56791682337087,-4.13660975494547
43905,33.7164504330125,73.0714799838384,560.24843152659,-2.70328013342772,-4.47938366349801
43906,33.7164220570296,73.0714291478565,560.097884396324,-3.30767772834583,-4.85860702328871
43907,33.7163889414375,73.0713715072751,559.891546161845,-3.94651666749756,-5.73488578767597
43908,33.716351083958,73.0713058044597,559.666737971362,-4.47177776758332,-6.44574260748728
43909,33.7163080142861,73.0712330835862,559.418871937087,-5.04075841581952,-6.93144040721966
43910,33.7162613482396,73.0711561724634,559.147235668963,-5.35386948129379,-7.41415505602768
43911,33.7162108426305,73.0710745996963,558.84491677559,-5.85070317686508,-7.59364976126414
43912,33.7161560262693,73.0709918203278,558.499520763522,-6.21472025336798,-7.76111430342138
43913,33.7160988153253,73.0709065105769,558.144358035643,-6.44763566620961,-8.09023969478512
43914,33.7160403912051,73.0708180144983,557.769306953531,-6.55702506827978,-8.35224764925167
43915,33.7159803168089,73.0707271408122,557.369822822977,-6.80478459487935,-8.52415415091195
43916,33.7159184270485,73.0706349600832,557.034820806701,-6.92716478308362,-8.60997752318756
43917,33.7158555508494,73.0705418938193,556.798712370684,-7.00096185834568,-8.65867201257454
43918,33.7157932656766,73.0704469070481,556.454710188555,-6.69482940574944,-9.06129091824079
43919,33.7157345819282,73.0703449408762,556.187224986497,-6.41502847267929,-9.77997263973154
43920,33.7156749204715,73.0702372643282,555.858351115836,-6.9231219155104,-10.1533082519153
43921,33.7157498385928,73.0701012584486,559.962945404463,-6.22383876976592,-10.4319002756709
43922,33.7157074016318,73.069965633446,560.7926804116,-6.43597063604766,-10.5949453261186
43923,33.7156518284047,73.0698361504701,561.124501357554,-6.69761169440785,-10.6441606238497
43924,33.7155948856466,73.0697103448235,561.382199575892,-7.02289160453557,-10.8471649723327
43925,33.7155303592219,73.0695799864402,561.672128542559,-6.91931219096779,-10.9296816474295
43926,33.715463528537,73.0694502779856,561.868571474915,-6.90439044941495,-10.9454332578013
43927,33.7154003401403,73.0693236977528,562.074092342053,-6.83047180504194,-10.9319192282657
43928,33.7153368357918,73.0692008676066,562.287537530763,-6.80499358078487,-10.8437785230512
43929,33.7152728360133,73.0690825419294,562.465803430183,-6.6308972263847,-10.6888733167338
43930,33.7152096929869,73.0689658179685,562.649328776402,-6.77675908082493,-10.6523325221442
43931,33.715147600345,73.0688501069409,562.781870422652,-6.90616487574383,-10.7093553248873
43932,33.7150848220142,73.068734519725,562.899683813797,-7.09768362860697,-10.7938438350394
43933,33.7150226595945,73.0686184941308,563.010000100126,-7.21770158177704,-10.9597133489532
43934,33.7149582561027,73.0685008165067,563.14088096004,-7.30637506561869,-11.1830561434092
43935,33.714891917115,73.0683811854246,563.287639529677,-7.31889678558225,-11.4408214433318
43936,33.7148248947114,73.0682576827578,563.430105715059,-7.54389688606081,-11.7316594855549
43937,33.7147548921221,73.0681308657608,563.57744393195,-7.90131886587092,-11.9741277149376
43938,33.71468380902,73.0680025918197,563.698510849616,-8.16431207922808,-12.0891314736507
43939,33.7146120203857,73.0678727509925,563.79570347839,-8.13464997036209,-12.0862182588082
43940,33.71453931737,73.0677411601922,563.906693479512,-7.98634430798042,-11.9434113980197
43941,33.7144650869358,73.0676085813112,563.993808908388,-7.70844478580504,-11.7684299099983
43942,33.7143927451823,73.0674775022863,564.080801554024,-7.54136471292591,-11.4679104435487
43943,33.7143239918479,73.0673479717956,564.167226985563,-7.53059976916413,-11.4580265381012
43944,33.7142565388977,73.0672211715401,564.23805144988,-7.6950944847777,-11.8556521730993
43945,33.7141882951201,73.0670950047946,564.299352985574,-8.05243302101706,-12.0762441186
43946,33.7141186915883,73.0669688587151,564.362471298315,-8.21669193020417,-12.2727457941466
43947,33.7140451690463,73.0668402120825,564.436632916098,-8.25868183622138,-12.4878244105189
43948,33.7139692226214,73.0667054529747,564.544909576885,-8.05296151377248,-12.3053755103913
43949,33.7138937488418,73.0665696107983,564.627306905342,-8.02876858680447,-11.8989529755832
43950,33.7138209052093,73.0664382583398,564.665016852319,-7.86206829168819,-11.8195116573649
43951,33.713751223726,73.0663089834648,564.76306013437,-7.93421500950821,-11.5972611510132
43952,33.7136837307022,73.0661814990077,564.870093123289,-7.85244731707459,-11.3904139572269
43953,33.7136160546752,73.0660545491884,564.963955296669,-7.58275297470416,-11.3724210795498
43954,33.7135487301492,73.065927243077,565.062536585145,-7.51986575551059,-11.2315962717901
43955,33.7134840529772,73.0658015574018,565.173157961806,-7.37517209407168,-11.1597813729821
43956,33.7134221282938,73.0656793706679,565.247320980765,-7.3446890782155,-11.1019439264662
43957,33.713359827948,73.0655630715784,565.311220919015,-7.42762548890447,-11.1216278145189
43958,33.7132970719748,73.0654484830174,565.360935277538,-7.3444417975882,-11.0761661450765
43959,33.7132344397156,73.0653337746528,565.423942454392,-7.4374940647955,-11.0862353517615
43960,33.7131721367879,73.0652178934217,565.498127540108,-7.55429369089955,-11.0059844431394
43961,33.7131095891911,73.0651014310507,565.570411415771,-7.45791318497593,-11.0047755337113
43962,33.7130476974362,73.0649847748641,565.644980999408,-7.2859482185143,-11.07185931342
43963,33.7129856667945,73.0648682502242,565.695797297638,-7.1958695408306,-11.1303911747997
43964,33.7129229463774,73.0647493114197,565.734930499224,-7.27558175335099,-11.0963774659688
43965,33.7128604487398,73.0646262702628,565.794717911864,-7.23646432511384,-11.3673848776139
43966,33.7127986117097,73.0645003283287,565.791340885684,-7.20382990687448,-11.5701167722223
43967,33.7127374430636,73.0643723893581,565.811430101283,-7.06395552359397,-11.7227575792646
43968,33.7126774336534,73.0642437950816,565.78479027003,-7.13302107300852,-11.8380904176612
43969,33.7126168528096,73.0641164197885,565.777558772126,-7.06533202924796,-11.7628044071958
43970,33.7125586979875,73.0639874359188,565.806946649915,-6.97127769253077,-11.8051656935445
43971,33.712500560078,73.0638592329632,565.829753346043,-6.92493474291633,-11.8125929185702
43972,33.7124406783533,73.0637356883165,565.913752813824,-6.92845662409743,-11.6287559156644
43973,33.7123794131549,73.0636132321191,565.945850096177,-7.01203832446297,-11.5905006099715
43974,33.7123178892846,73.0634904954583,566.058967240853,-6.97884866293348,-11.6241188820047
43975,33.7122564330229,73.06336990583,566.143399652094,-7.04959587632974,-11.4856257799892
43976,33.7121923816703,73.0632484471344,566.213219332974,-7.18115522224147,-11.2508512490934
43977,33.7121270352203,73.0631252113636,566.346598655917,-7.04823815338838,-11.1840871566033
43978,33.7120622811547,73.0630015190985,566.430513139581,-6.95153600652298,-11.2934140133973
43979,33.7119963235072,73.0628758200521,566.545309720794,-6.8661707885548,-11.3672881728584
43980,33.7119298200245,73.0627494304536,566.683375658002,-7.03761475039903,-11.313975624355
43981,33.7118648523667,73.0626259610266,566.80935764825,-6.96238601961814,-11.356019285952
43982,33.7118009338806,73.0625067070936,566.910417329287,-6.76656221738678,-11.5323434472699
43983,33.7117370239065,73.0623861248427,567.022338327486,-6.78667457503554,-11.5686693731652
43984,33.7116748976951,73.0622613229536,567.1104771432,-6.90402765705889,-11.505352119757
43985,33.7116173520982,73.0621332337255,567.187863837928,-7.1035831647697,-11.4165095324115
43986,33.7115606615913,73.062004656501,567.251544048777,-7.02580816716128,-11.5292709007421
43987,33.7114996232506,73.0618768117952,567.305948064197,-7.12549584986748,-11.5626420822106
43988,33.7114354430892,73.0617494101547,567.344270257046,-7.17879486697777,-11.5981851556846
43989,33.71136923789,73.0616225623994,567.397750155535,-7.18528563858376,-11.666747951234
43990,33.7113037627275,73.0614976326916,567.425159135601,-7.25530241614381,-11.7603715060745
43991,33.7112388326629,73.061375435478,567.461176310433,-7.40088011505971,-11.6618775180388
43992,33.7111726870512,73.0612489702301,567.468700650847,-7.6828032993574,-11.4470066292453
43993,33.711103070707,73.0611191021857,567.488501949236,-7.51545204926767,-11.8224844959107
43994,33.7110324595151,73.0609884920029,567.529106920818,-7.4185217006702,-11.9372935180338
43995,33.7109637918909,73.0608595087648,567.581009727437,-7.21738159826493,-12.130605502673
43996,33.710898124711,73.0607292253085,567.611329304986,-7.34341877900057,-11.9987626982901
43997,33.7108327104545,73.0605994489221,567.636372431414,-7.52002467124109,-12.0146350995686
43998,33.7107669357418,73.0604702370357,567.611400752096,-7.52472446704349,-12.1482517389822
43999,33.7107016430555,73.0603391887146,567.627183496952,-7.5458827161366,-12.1877115561026
44000,33.7106359380277,73.0602075542456,567.654972922523,-7.51925705624995,-12.2144332768907
44001,33.7105682097168,73.060075945574,567.703748859232,-7.57688845982931,-12.1602376268462
44002,33.7104996039173,73.059945668485,567.75809482648,-7.63367890448261,-12.0072292632095
44003,33.7104312085338,73.0598171199984,567.810484939953,-7.47291935320874,-11.7375961008359
44004,33.710365333533,73.0596927189214,567.83053723909,-7.15141240590409,-11.3351461187091
44005,33.710302475977,73.0595732587742,568.057117727585,-6.83964702666124,-10.8384819378567
44006,33.7102419376841,73.059458931434,568.198203061242,-6.5766128436597,-10.3386723763452
44007,33.7101830107278,73.0593475890006,568.297112096567,-6.39893477394846,-10.2778896968075
44008,33.7101260698026,73.0592365910136,568.457311852137,-6.24346384430334,-10.2906705601089
44009,33.7100698947426,73.0591238976719,568.588681114139,-6.20468897230689,-10.615243563681
44010,33.7100137130431,73.0590078332166,568.744489854435,-6.28713795613071,-10.8738182344517
44011,33.7099560963224,73.0588896954168,568.880146142095,-6.48152658021217,-11.0037419498348
44012,33.7098962343142,73.0587699016414,569.031931553502,-6.7438268069876,-11.2067121255625
44013,33.7098351563159,73.0586478290594,569.184805801837,-6.78753404466094,-11.4310903355839
44014,33.7097726893975,73.0585238595146,569.33656573575,-7.06769792965031,-11.4737840392399
44015,33.7097082586062,73.0583991274785,569.489378036,-7.20807056873564,-11.6050695704039
44016,33.7096418463567,73.0582739891599,569.647013161331,-7.4833505995031,-11.5259423354535
44017,33.7095741641018,73.0581487327128,569.812428436708,-7.4995204819601,-11.7205766381177
44018,33.7095067919401,73.058021559536,569.991600679932,-7.49457878199818,-11.8657098858186
44019,33.7094387956007,73.0578932236079,570.175601789262,-7.57157358421432,-11.9049750522797
44020,33.7093705860574,73.0577635171237,570.355355840875,-7.508193772662,-12.0983748447227
44021,33.7093492150934,73.0576996247714,567.022194081685,-7.30399658446954,-11.5815635206675
44022,33.7092879397166,73.0575664835124,566.107063759817,-7.25625229825185,-11.6747453222768
44023,33.7092179269807,73.0574430001195,565.403117747977,-7.23271537291536,-11.6850778639753
44024,33.7091481537217,73.0573171408062,564.698504842818,-7.41228421398625,-11.5985857925013
44025,33.7090785214948,73.0571912927817,564.198649526807,-7.38975545498281,-11.7693335633628
44026,33.7090069508707,73.0570626525997,563.738495347556,-7.49878910430235,-11.817136703295
44027,33.7089374582933,73.0569312849546,563.283436338184,-7.43530253264069,-11.9866894855501
44028,33.7088699082976,73.0568008627496,562.915856137173,-7.45178069652364,-12.1396942164425
44029,33.7088026948395,73.0566693425694,562.59597834642,-7.44668207435378,-12.0288217292855
44030,33.7087338894475,73.0565358491743,562.344823523425,-7.14768226116821,-11.7738019262488
44031,33.7086658759432,73.0564059798093,562.098724495852,-6.70338632709293,-11.3101031531864
44032,33.708601223153,73.0562800463585,561.920154917752,-5.93329995862785,-10.512133166697
44033,33.7085415772854,73.0561592110828,561.720746950014,-5.43297992580792,-9.48662059770887
44034,33.7084862506127,73.0560436022334,561.540876539424,-5.61228367868335,-9.36744689145628
44035,33.708433675917,73.0559367284303,561.423609622521,-5.47705137002535,-9.24372970161045
44036,33.7083840314836,73.0558452288537,561.207072380232,-5.59166430573127,-9.10690268984794
44037,33.7083387933969,73.0557599387257,560.9817354728,-5.92223625040222,-8.86508864162914
44038,33.7082925964843,73.0556784662466,560.754914595978,-6.15351727464041,-8.47581160329238
44039,33.7082436493671,73.0555994389865,560.528977786191,-6.16532762646681,-8.20273136740654
44040,33.7081914536028,73.0555194919562,560.312237167032,-6.39459818820515,-7.99582267773335
44041,33.7081364194697,73.0554370567526,560.126576496987,-6.79391008700568,-7.63349055814426
44042,33.7080777905483,73.0553554524912,560.013542506844,-6.92558523193371,-7.41912402073931
44043,33.7080168730259,73.0552762176512,559.933222572552,-6.83768725524196,-7.03422700516854
44044,33.7079528223837,73.0552038816958,559.872155047022,-6.35230334595051,-6.19303348698041
44045,33.7078872646856,73.0551372499022,559.852213395992,-5.72780010523173,-5.33271820640703
44046,33.7078248719946,73.0550768169137,559.848883747822,-6.20782987982462,-3.70690301401175
44047,33.7077611061791,73.0550256208425,559.816986411344,-6.76928754107512,-1.65500183175584
44048,33.7076956955368,73.0549964748172,559.879557714565,-7.02158065752278,-0.0480153172994273
44049,33.7076283005426,73.0549883708031,559.981934241252,-7.18195758443282,0.822877000015567
44050,33.7075608592737,73.0550060475873,560.036092059687,-7.52615842834495,1.47548804927731
44051,33.7074896812558,73.0550461255553,560.05426340038,-8.01451204962626,2.27924835106764
44052,33.7074182594823,73.0550949505964,560.000925876433,-8.35655021288528,3.19298312255474
44053,33.7073438291371,73.055152536415,559.969952025451,-8.63693985925714,4.05582119652142
44054,33.7072653374783,73.0552127894634,559.933174063684,-9.05872930018793,4.58685213475945
44055,33.7071852067595,73.0552741374582,559.903011119924,-9.27524971500315,5.21303641356523
44056,33.707103612623,73.0553373297644,559.851794723421,-9.49293046375867,5.62649585441127
44057,33.7070200777042,73.0554046955395,559.799942408223,-9.6654359790193,6.00509315228011
44058,33.7069318924839,73.0554752644416,559.724085711874,-10.0248348254972,6.22849952540549
44059,33.7068398321392,73.0555469616842,559.658650387777,-10.3200681603724,6.48021635054098
44060,33.706746155018,73.0556194562147,559.584871180588,-10.5382162050583,6.78879547097271
44061,33.7066526888432,73.0556939904063,559.505614614114,-10.6446224260042,6.8521096398257
44062,33.7065577197813,73.0557697032224,559.424868357135,-10.5175948205066,6.91004724357321
44063,33.7064628182291,73.0558470866797,559.327649132814,-10.5254897758733,6.90261227361414
44064,33.7063674360367,73.0559246380775,559.26098095323,-10.4177104587793,6.88990704454254
44065,33.706271938155,73.0559987718412,559.191783717135,-10.3097741772847,6.97686286342628
44066,33.7061778493049,73.0560721429137,559.114936796948,-10.3642691411012,6.83366033209102
44067,33.706085332072,73.0561432087557,559.024856378324,-10.6269095909816,6.72232562603634
44068,33.7059953842139,73.0562135862878,558.917657495011,-10.637357092334,6.87491183413756
44069,33.7059017957854,73.0562849267663,558.774832268944,-10.7745195968438,6.99804248375594
44070,33.7058060772333,73.0563575885224,558.645763597451,-10.9865474972794,6.97314736217747
44071,33.7057091560811,73.056432291733,558.484190556221,-11.2194507899108,7.07920596834883
44072,33.7056114419407,73.0565064274113,558.265406199265,-11.290651885324,7.22017576175882
44073,33.7055107200272,73.0565826413842,558.041701121489,-11.4921379101595,7.26692848773884
44074,33.705407990024,73.0566613513337,557.874139097286,-11.6168758058946,7.34043436929821
44075,33.7053042851482,73.0567393057382,557.593385108979,-11.7459361403674,7.32427022414225
44076,33.7051983434073,73.0568162314777,557.338556364179,-11.7789810168735,7.45095839175718
44077,33.7050898677324,73.0568976013353,557.066295596072,-11.9262583533311,7.64221844546958
44078,33.7049806797623,73.056982667598,556.762863884447,-12.1091014431178,7.82360970997747
44079,33.7048700140075,73.0570698897899,556.484322449891,-12.2359260676192,7.91753967301989
44080,33.7047572621169,73.0571570169064,556.246897585224,-12.2718735402928,7.5534139542
44081,33.7046430640424,73.0572421055068,555.932409864618,-12.3081774072457,7.11783953343837
44082,33.7045296071407,73.0573241397331,555.67391553917,-12.160805144458,6.86962900446604
44083,33.7044174206926,73.0574047388052,555.312105208635,-11.8560061937621,6.91709032721654
44084,33.7043091672301,73.0574825494646,554.970224292018,-11.8606118128997,7.01707060700844
44085,33.7042023407184,73.0575590380407,554.619849133538,-11.8561732525257,7.03817095783842
44086,33.7040969043377,73.0576363767509,554.247823359212,-11.7593098080008,7.05972971296763
44087,33.7039913259325,73.0577156423076,553.925996466773,-11.7651337842963,7.11394717165504
44088,33.7038852736125,73.0577952149717,553.604082705686,-11.6899179952934,7.14748603844797
44089,33.7037783555911,73.057874915287,553.303068210604,-11.6395322683981,7.17362435067659
44090,33.7036731308595,73.0579543472725,552.991319732275,-11.6195821044361,7.2355078529218
44091,33.7035679383432,73.0580340511572,552.727552989265,-11.6848896871864,7.17572045324721
44092,33.70346273977,73.0581155982278,552.412465877831,-11.7110785083259,7.15825515822244
44093,33.7033566529284,73.0581967033684,552.110625985544,-11.6512630026583,7.27078894728019
44094,33.703250397356,73.0582766834239,551.843025721377,-11.7042162579683,7.2268582103751
44095,33.7031439825779,73.0583574358816,551.581451761303,-11.7899298555946,7.21858240479809
44096,33.7030371129065,73.0584376208427,551.348876635544,-11.6694288704915,7.31183495630816
44097,33.7029306153764,73.0585180083947,551.119705729885,-11.707445581613,7.367510791428
44098,33.7028227747751,73.0585987174488,550.914609202649,-11.8141892901328,7.30414106296132
44099,33.7027137964011,73.0586796967365,550.663942476735,-11.9102240468889,7.23832873005058
44100,33.7026049632583,73.0587613131837,550.466219016351,-11.9058821570805,7.28531457131996
44101,33.7024976827204,73.0588398613142,550.429457241436,-11.948040776008,7.27844388804317
44102,33.7023901277279,73.0589182936803,550.400645254413,-11.9319805166802,7.23892090945218
44103,33.702282517303,73.0589967479046,550.398939332226,-11.9284824587467,7.32962450087362
44104,33.7021750733593,73.0590760783338,550.358943014871,-11.9174283586815,7.36843105279789
44105,33.7020672218468,73.0591553943967,550.353857399896,-12.009781617636,7.34884506780052
44106,33.7019589271184,73.0592341020221,550.365175619256,-12.0240086391327,7.23753220362767
44107,33.701850553693,73.0593123106984,550.348633177578,-12.0221816827899,7.27877048847754
44108,33.7017422733118,73.0593904131309,550.368055707077,-12.0436224335719,7.15806570902896
44109,33.7016328917427,73.0594666112139,550.357077674475,-12.2038506889379,6.97702431399027
44110,33.7015223534892,73.05954129684,550.306798370322,-12.3537215724236,6.90008928210262
44111,33.7014102122731,73.0596157075309,549.945123668294,-12.5408522995901,6.96191310189256
44112,33.701296233607,73.0596916109699,549.340187591035,-12.7689200343193,7.18359624697074
44113,33.701180520757,73.0597694530508,548.73882821342,-12.9572917115198,7.26633574835861
44114,33.7010631016556,73.0598488713327,548.186023237184,-13.1118171088827,7.49319069101056
44115,33.7009452852847,73.0599302946371,547.607804398751,-13.0508418619687,7.55962537243276
44116,33.7008275457021,73.0600107007492,547.050741048297,-13.049748603718,7.35455340759316
44117,33.700709743195,73.0600892460578,546.494415064808,-13.0456080267118,7.18006936136644
44118,33.7005917434364,73.0601663081063,545.903409598861,-13.1067812058635,7.08637939443338
44119,33.7004735903323,73.0602423464173,545.323060904862,-13.0618428515721,7.00692886867337
44120,33.7003554891808,73.0603177981546,544.799729117891,-13.1398102706638,7.01700141503618
44121,33.7002168673137,73.0605013490998,547.429898944683,-13.1630209982501,7.84634131773538
44122,33.7000973002204,73.0606118282346,547.069754562574,-13.1292784630094,7.96749767678028
44123,33.6999811840646,73.0607058338046,546.390095350565,-13.1888469214698,7.97726963415957
44124,33.6998625747345,73.0607964181195,545.683970366139,-13.1636130869982,8.02529670283293
44125,33.6997447832492,73.0608866622878,545.18648662651,-13.1070370458724,8.03522457584339
44126,33.6996296300536,73.0609758469812,544.773315306287,-12.943436921027,8.11202195118269
44127,33.6995170719295,73.0610636879656,544.378448698437,-12.6989718641609,7.99678817041413
44128,33.6994058083325,73.0611532799761,544.165804398945,-12.5556728478453,7.85825119106514
44129,33.6992961084027,73.0612421456639,544.00191550795,-12.3651703403484,7.72995815430523
44130,33.6991871670911,73.0613280728706,543.895292874193,-12.2724728245134,7.66732196131771
44131,33.6990786928688,73.0614155004602,543.722459846409,-12.1104281457884,7.56582604056249
44132,33.6989710675983,73.0615020708536,543.593694067094,-12.017107571317,7.49992380864749
44133,33.6988643723412,73.0615866543093,543.540871238569,-11.8902036727802,7.50565234405163
44134,33.6987596029948,73.0616702053499,543.491133306874,-11.6696360588284,7.48500760924603
44135,33.6986558520808,73.0617531930899,543.403205259936,-11.5993031385656,7.52922058489886
44136,33.6985527995693,73.0618353014047,543.306349701947,-11.3826237055064,7.48392230633442
44137,33.6984507048512,73.0619179638145,543.245557092829,-11.02236223064,7.22980556698007
44138,33.6983496559526,73.0620017145349,543.212224385468,-10.4031453151423,6.96017143618055
44139,33.6982536255646,73.0620798661006,543.181552377297,-9.68159354465225,6.55678275246924
44140,33.6981638571827,73.0621516421777,543.11667764117,-9.11660294827305,6.06294429286964
44141,33.6980784399385,73.0622179584576,543.053251291625,-8.58064323624472,5.56976800452474
44142,33.6979998326389,73.0622786988324,542.913152374094,-8.32985306047047,5.06149519297249
44143,33.6979271364458,73.0623332067548,542.78168819868,-8.19877423718415,4.79017938702061
44144,33.6978585116471,73.0623828320473,542.704900909215,-7.48819304865945,4.33540002914813
44145,33.697795558493,73.0624288673225,542.661110496847,-6.48609217675772,3.60478756025468
44146,33.6977429029706,73.0624665836116,542.628363953438,-5.34537718223111,2.82913358555833
44147,33.6976994019753,73.0624984520853,542.607632718515,-4.14711894388434,2.18885067888045
44148,33.6976632234556,73.0625247896522,542.609061542666,-3.07905791486811,1.59130677090928
44149,33.6976353402994,73.0625437185356,542.578269320307,-2.3519866116995,1.13039576324297
44150,33.6976272213005,73.0625490254324,542.50414806162,-2.02505200284969,1.1945284247882
44151,33.6976312561456,73.0625465382095,542.410569195403,-1.77561514278999,1.03101572913866
44152,33.6976343604068,73.0625446389572,542.327405946329,-1.65932466375413,0.881526752205869
44153,33.6976386619914,73.0625418965265,542.242300397018,-1.50502168706933,0.874347484232287
44154,33.6976403157819,73.0625409716162,542.170251968782,-1.27422469376387,0.864938708015504
44155,33.6976425833226,73.0625387445384,542.095585820731,0.166672130628697,1.26716553289733
44156,33.6976437486831,73.06254157125,542.063588317018,1.83006655095596,0.530167524815167
44157,33.6976438899901,73.0625435800299,542.101932645077,1.97965956804937,-1.43605275773003
44158,33.6976524514958,73.0625449780708,542.165341077605,1.23730702377052,-1.90225016467753
44159,33.6976659199718,73.062541255947,542.244443158619,1.35762049630449,-0.799227629081311
44160,33.6976807963372,73.0625305845363,542.261520009255,1.28726829465149,-0.309786062362429
44161,33.6976983967269,73.0625182785545,542.253166734008,1.7540237772197,-0.524524262286208
44162,33.6977179672695,73.0625077620938,542.119381599594,2.21483579382119,-0.460006612603345
44163,33.6977397333597,73.0624940703378,541.942645160016,2.53658696649625,1.50222635419619
44164,33.69776569328,73.0624864841968,541.72087015002,1.53602979560109,2.94197785504468
44165,33.6977904736247,73.0624957655551,541.517866895301,1.37123496959397,3.59946166866874
44166,33.697812707433,73.0625224057677,541.295022298349,1.88072093201823,3.96018570318073
44167,33.6978332395613,73.0625569921808,541.079011559021,3.04314079067809,3.73646379869775
44168,33.6978566358737,73.062603205466,540.855051930994,3.86092903231729,3.23550561213286
44169,33.6978861429076,73.0626542676432,540.611861241981,4.34667131416063,3.20090642506324
44170,33.6979182751698,73.0627101897905,540.321946980432,4.80250975628151,2.72661656257555
44171,33.6979516595845,73.0627599851775,540.02971228119,5.59710265200891,1.15839844652589
44172,33.6979871544346,73.0627965096571,539.719830525341,5.80455508299015,-1.09942799683933
44173,33.698023792645,73.0628088399207,539.473050604109,5.13546680231641,-2.71837899685194
44174,33.6980472238299,73.0628113273481,539.171262617921,4.55688956620418,-2.72851432573538
44175,33.6980824160469,73.0627810260005,538.908697449369,4.83806108365902,-2.65465120047943
44176,33.6981373362652,73.0627384833848,538.783769982401,5.46694723566986,-2.75203913209981
44177,33.6982001740907,73.0626940061542,538.634839566657,6.03207903916884,-3.07004981098265
44178,33.698264516494,73.0626512671003,538.539524804801,6.34241555825968,-3.50008511928921
44179,33.6983309438825,73.0626041552516,538.439955630573,6.78763696668454,-3.62193184772196
44180,33.6983980561041,73.0625562066982,538.376163909445,7.08902034441013,-3.8150090362304
44181,33.6984684188922,73.0625053358853,538.350828244118,7.5075486771923,-3.85495598135587
44182,33.698540009464,73.0624525359207,538.356096792733,7.73253563824307,-3.93865066556608
44183,33.6986143541553,73.0624033594111,538.380394305801,7.91364727330859,-4.15195048426451
44184,33.6986906223922,73.0623543394458,538.418702878524,8.0386916563488,-4.23303552451891
44185,33.6987709346086,73.0623032228382,538.484287075931,8.19446371530664,-4.06759945554902
44186,33.6988519775148,73.0622523886142,538.504386153538,8.5185095003971,-4.18192360645031
44187,33.6989334980438,73.0622015492839,538.633465340361,8.87269143622971,-4.34972218595245
44188,33.6990163027055,73.0621479948738,538.789030130254,9.15991895595316,-4.59775945953681
44189,33.6990998369441,73.0620942300145,538.981566057075,9.42941593354398,-4.83987333740307
44190,33.6991842849088,73.0620366288105,539.217052547494,9.59454298648468,-5.21570964201114
44191,33.6992719001026,73.0619765771522,539.412859684555,10.012131660692,-5.21188331647259
44192,33.699363446588,73.0619141178353,539.659708714345,10.3765621418021,-5.17456563118738
44193,33.6994575982072,73.061854176088,539.914770523319,10.2802329698888,-5.13175337039145
44194,33.699549388061,73.0617933265772,540.167971986113,9.88146361495098,-4.95566633700528
44195,33.6996370897148,73.0617315778971,540.420020925114,9.03422455398192,-4.79502474093343
44196,33.6997200741587,73.0616708317123,540.686529978877,7.8448195266125,-4.29115061162494
44197,33.6997973251955,73.0616128631194,540.944868244929,6.44238875977299,-3.40824319138792
44198,33.6998715542042,73.0615572419959,541.182999741519,5.45893738551319,-2.62789910610017
44199,33.6999382971266,73.0615096610769,541.389967161929,5.16980329811412,-2.3646252066481
44200,33.699995343181,73.0614688415912,541.610443339916,5.2781032911206,-2.62634618379213
44201,33.7000337288899,73.0614421784127,541.788000812521,5.90481942752419,-3.32171544971923
44202,33.7000626474858,73.0614233912171,541.953352586366,6.412800829651,-3.48295450643821
44203,33.7000893202715,73.0614008675539,542.09075761144,6.2027527915783,-3.47385361618689
44204,33.7001152612799,73.0613788546561,542.211917985929,6.27571327224128,-3.50141951726618
44205,33.7001427253697,73.0613571926781,542.328085630666,6.27522008890856,-3.55693830183938
44206,33.7001805207257,73.0613308912777,542.461693809833,6.35688674370951,-3.6964965905749
44207,33.7002304130208,73.0612984637249,542.569989850745,6.32951806129696,-4.29808671497936
44208,33.7002850753935,73.0612618727633,542.655740403803,6.56311812519439,-4.50313687016096
44209,33.700343379309,73.0612200847958,542.718991105445,6.9778149517943,-4.46820618066321
44210,33.7004093525697,73.0611699975093,542.76697185752,7.38747484474209,-4.32236687416278
44211,33.7004809957854,73.061116482044,542.741646830225,7.58847398707365,-4.54613561480587
44212,33.7005546599848,73.0610631280329,542.716344254557,7.88317691787883,-4.89843790458397
44213,33.7006290718755,73.0610078879181,542.686326172668,8.12463169497424,-5.06257600752944
44214,33.7007050741926,73.0609495280544,542.631814501481,8.39048501935924,-5.25621997431855
44215,33.7007825192867,73.0608897243812,542.593250752892,8.63439465538155,-5.34446401877788
44216,33.7008622430652,73.060828242524,542.564946212573,8.8722301323014,-5.55437884229227
44217,33.7009454146955,73.0607644041175,542.489525349811,8.96841722405595,-5.78465941532483
44218,33.701030105904,73.0606980767694,542.429285805207,9.23364978712295,-5.70386327907633
44219,33.7011190598601,73.0606314670349,542.366965747206,9.4514473997719,-5.83022024435994
44220,33.7012106492371,73.0605658480358,542.315719686449,9.60672678090731,-6.15340131185322
44221,33.7013031297271,73.0605002352484,542.250548119657,9.72535796573703,-6.19573607329739
44222,33.7013985342307,73.0604321794357,542.194650957827,9.93031178378803,-6.29691640555646
44223,33.7014934875255,73.0603623137447,542.133182100486,10.0001065460315,-6.28457746341818
44224,33.7015884821402,73.0602905542481,542.068652550224,9.92265079968301,-6.08374281134561
44225,33.7016841407538,73.0602217287113,541.988190725911,9.67401055692728,-5.78584093259559
44226,33.7017794063908,73.0601531718431,541.916072922992,9.61011223469638,-5.76856494991113
44227,33.7018710648351,73.06008844186,541.865212128498,9.48476035111802,-5.92163782049385
44228,33.7019645772507,73.0600234526679,541.783717510523,9.75656723977272,-5.8992701302804
44229,33.7020563248124,73.0599576825786,541.74117745203,10.1797755674465,-5.75954592952478
44230,33.7021490978144,73.0598933163194,541.694435510319,10.331624017212,-5.8740916525358
44231,33.7022431442104,73.0598291768247,541.699321533088,10.4892056164591,-6.03566993160572
44232,33.7023379852939,73.0597629977717,541.673371597659,10.530513974639,-6.25434981477898
44233,33.7024324988674,73.0596940073159,541.672939028824,10.4004270457118,-6.48487991373051
44234,33.7025262674028,73.0596225559528,541.714978998527,10.3463263274429,-6.74820106100035
44235,33.7026192973548,73.059548773935,541.753239783924,10.3717618298655,-6.90883590169369
44236,33.7027126442765,73.0594749012628,541.740509025054,10.3942863560674,-6.82288564543632
44237,33.7028071451032,73.0594006090812,541.715635188855,10.5298701235054,-6.88135948481301
44238,33.7029027207253,73.0593265747686,541.740025209496,10.6489598743006,-6.89722287300117
44239,33.7029982477155,73.0592516301814,541.790362889413,10.5772323916068,-7.00030880998109
44240,33.7030935854945,73.0591758181942,541.873261944158,10.5701991506895,-7.02993480130515
44241,33.7031887854683,73.0591002577549,541.988486850169,10.5296059769532,-6.98280233553617
44242,33.703283473482,73.0590250310118,542.061780108139,10.4047325328954,-6.9524503359504
44243,33.7033766886974,73.0589488975896,542.170963163488,10.2659802900805,-7.10169897495364
44244,33.7034686962237,73.0588714041449,542.296625292161,10.1116338239269,-7.21957562035824
44245,33.7035597545348,73.058792816847,542.38793462282,10.1129156453889,-7.28403812360495
44246,33.7036507734372,73.0587145421005,542.51635107887,10.1232510730537,-7.1967339290343
44247,33.7037424213669,73.0586384485181,542.604482727591,10.2367145704593,-6.96458699353295
44248,33.7038339563556,73.0585627443246,542.619240140077,10.1028102415483,-7.11844843468773
44249,33.7039245636494,73.0584862319588,542.713182412554,10.0380458731932,-7.07171929803148
44250,33.704014714431,73.0584099511176,542.765974709997,9.94694748614416,-7.06581205046465
44251,33.704232531321,73.0583458740094,543.679839514894,11.1422113185193,-6.87104182243261
44252,33.704352492513,73.0582646992135,544.080264559248,11.2800503772025,-6.74931533939793
44253,33.704474639188,73.0582018516111,544.49957357021,11.3634126237788,-6.79405785698226
44254,33.7045872741992,73.0581294457776,544.848968923092,11.3624550048855,-6.87654273313223
44255,33.7046957296994,73.0580523661447,545.150417256169,11.6030378877452,-6.75089459027222
44256,33.7047992567491,73.0579756791655,545.486461444991,11.5622091896744,-6.78613508093331
44257,33.7048998369347,73.0579012209852,545.785974035738,11.5470743908192,-6.8995670596242
44258,33.704999776112,73.0578249639285,546.146098949015,11.4967624038101,-6.95288820806223
44259,33.7050997506358,73.0577489855501,546.414026797283,11.524243086083,-6.94295585389473
44260,33.705199698725,73.0576729140683,546.702360102441,11.5506412411108,-6.90265098865971
44261,33.705299551108,73.057594664929,547.037341025425,11.4681618419954,-7.06963110256347
44262,33.7054007363911,73.0575167648602,547.403347711777,11.1610297851026,-7.01321658060535
44263,33.7055018427924,73.0574393976942,547.660728036193,10.9112282617067,-6.81240542937714
44264,33.7056031576604,73.0573625806896,547.933017884381,11.0154314486921,-6.95549010976838
44265,33.7057046959367,73.0572880249782,548.258445653832,11.081902864684,-7.02573248363367
44266,33.7058068910666,73.0572137967633,548.538010435179,11.226863189646,-6.99730298586791
44267,33.7059094394458,73.0571378189505,548.787157000974,11.4046824738022,-7.0011920133341
44268,33.7060130499016,73.0570596426184,549.038492599735,11.5303969244201,-7.10068878663984
44269,33.7061173493223,73.0569824326785,549.25925493543,11.5584379682813,-7.08044222905749
44270,33.7062223114396,73.0569039596664,549.417900313856,11.668823418935,-7.15064549300308
44271,33.7063288921703,73.0568247139062,549.61800415325,11.7328996374556,-7.27482231168696
44272,33.7064374334203,73.0567446815285,549.812386353267,11.768979173334,-7.3905999820912
44273,33.7065471886577,73.056662969429,550.025358766085,11.7946085252982,-7.44250561791904
44274,33.7066561476218,73.0565816538185,550.188069735188,11.9449095805512,-7.42924021349927
44275,33.706764653842,73.0565010233188,550.330813835142,12.0846716731417,-7.32446262297711
44276,33.7068733948345,73.0564196178306,550.522091469029,12.1160887564855,-7.33493679443251
44277,33.7069831212209,73.0563399521258,550.740222740453,12.1169543800523,-7.45870654879188
44278,33.7070912552458,73.0562599066339,550.908675523475,11.9923563370663,-7.52097461349164
44279,33.707201541655,73.0561782095048,551.097989705624,11.6333653131228,-7.4454072653013
44280,33.7073123959503,73.056095693405,551.266202188795,11.2835714323216,-7.37496728428866
44281,33.7074221154709,73.056013205863,551.473183756461,11.0204008602632,-7.28136997028432
44282,33.7075253312778,73.0559303637897,551.653393610148,10.5192518232584,-6.81288491445966
44283,33.707624830903,73.0558505711208,551.844034560723,9.40018476170264,-5.6522561301235
44284,33.7077181429784,73.0557813517358,551.979588531191,8.2616775822376,-4.06921820503177
44285,33.7078048240702,73.0557230928522,552.136547940085,7.7313990572803,-2.8332136245001
44286,33.7078849986248,73.0556807311261,552.269731857814,7.47950414417237,-0.688437109248882
44287,33.7079512004315,73.0556688976741,552.387653711252,6.60943389585658,1.57632483143423
44288,33.7080052391983,73.0556862442911,552.566435051151,5.40257697383558,3.09343042319952
44289,33.7080536133199,73.0557272451949,552.748024365632,5.06199368377584,3.87400447964613
44290,33.7080927469604,73.0557879835202,552.800841249758,5.24118180627684,4.31113848190589
44291,33.7081293815405,73.0558623149056,552.765559978317,4.98067618097181,5.05508708304161
44292,33.7081683154218,73.0559371562539,552.756762409816,4.63774877365167,5.53787067443445
44293,33.7082056524199,73.0560190585749,552.724160575075,4.57655979503944,5.95666082324318
44294,33.7082400480843,73.0560977402215,552.80556754116,4.40019596643065,6.26039790345264
44295,33.7082694771151,73.0561766672145,552.85936735454,4.21803613928247,6.51497583926624
44296,33.708301813426,73.056253750548,552.938289221143,4.13866901202494,6.86189295812643
44297,33.7083375752246,73.0563315481602,553.029661118286,4.13679442760328,7.17450878379178
44298,33.7083750449775,73.0564105456553,553.133312224876,4.17712143220932,7.45411175668745
44299,33.7084126475918,73.0564922824498,553.241473506438,4.060151233547,7.18614461228058
44300,33.7084506514097,73.0565720799028,553.303577171639,3.88413418014511,6.69992509870106
44301,33.7084854182339,73.0566428512451,553.07184252399,3.82493723073539,6.5594515119635
44302,33.7085189593784,73.0567150652432,552.793832827127,3.61322994927239,6.82812434379456
44303,33.7085505600108,73.0567900739394,552.47891211207,3.44137370370972,7.03606557076891
44304,33.7085817395546,73.0568655745608,552.121854230994,3.46820863978323,6.89666947979955
44305,33.7086123463685,73.0569392523783,551.705191645538,3.23618310341677,6.80638902550829
44306,33.7086410748703,73.0570102868965,551.276343703736,3.15790874757832,6.24959288116415
44307,33.7086693130333,73.0570734973822,550.757374602137,2.97753855571626,5.49482838934762
44308,33.7086926237073,73.0571297683875,550.210084495135,2.2187867745257,4.92473950915101
44309,33.7087094387997,73.057179125535,549.623913414543,1.49309835005969,4.32342330277904
44310,33.7087193016047,73.0572241526761,548.979466251796,0.532659632830193,4.02142278797804
44311,33.7087158997753,73.057265490936,548.334124858957,-1.29688985269472,3.53895160683281
44312,33.708695931742,73.0572936223142,547.696219569305,-2.84818574421022,1.35250380580181
44313,33.7086718081303,73.0572890865505,547.114103157306,-2.14664135002558,-1.94860351427515
44314,33.7086550312425,73.0572585072989,546.432383520063,-1.8624012820998,-3.53289692927711
44315,33.7086370228016,73.0572137652071,545.725111883599,-2.21043467167254,-4.69356232829405
44316,33.7086144713386,73.0571617135427,544.978310590377,-2.8528569132718,-5.0758088100149
44317,33.7085853869527,73.0571032450296,544.190731349168,-3.45751155162688,-5.84337550226457
44318,33.7085530844109,73.05703470409,543.342743671732,-3.73710634072366,-6.81132528816994
44319,33.7085177071789,73.0569559079775,542.479066953762,-4.12603070151819,-7.74312308702702
44320,33.7084789247343,73.0568687669736,541.541720275534,-4.46820896137995,-8.42484864393133
44321,33.7084501489241,73.0568232751323,547.921687090304,-4.99088613841578,-8.74413082771261
44322,33.708416419505,73.0567621741981,551.713604145451,-5.28682902763136,-9.01431744770574
44323,33.7083530450228,73.0566754071779,553.867831625277,-4.30956338881539,-8.76075542861338
44324,33.7082840296865,73.0565844367124,555.379169068998,-2.75373325177952,-9.33716711758771
44325,33.7082213250797,73.0565009375776,556.731813665479,-0.872058234585238,-9.83612193558644
44326,33.7081906326373,73.0564034261528,556.887624094961,0.258417805910312,-8.83062309675904
44327,33.7081849062197,73.0563018167638,557.265787602402,-0.192207876593534,-7.84566231805918
44328,33.7081916029391,73.0562018629824,557.700502082938,-0.947285324838709,-7.37863346033394
44329,33.7082098809999,73.0561169803345,558.176707763458,-1.34702059006097,-6.56256378649071
44330,33.7082236933778,73.0560438983582,558.538847817108,-1.64941170156744,-4.99577579167158
44331,33.7082330492739,73.0559827382042,558.847855973057,-1.37467361477262,-4.81832576948743
44332,33.7082382063992,73.0559245931777,559.028475413332,-1.33718774712117,-5.84167163227882
44333,33.7082373789908,73.0558678867329,559.124372406164,-0.889741115703803,-5.6408150570847
44334,33.7082391932269,73.0558162227352,559.203096157173,0.279053079889555,-4.17966651434021
44335,33.7082458237791,73.0557793073608,559.19785845466,1.48772888301349,-3.06094682060955
44336,33.7082529909723,73.0557679546152,559.221823783591,1.709898294953,-1.38456186544094
44337,33.7082613314452,73.0557633568468,559.200478651794,1.79464475867336,0.736645540041821
44338,33.7082735798455,73.0557747425668,559.217996544903,0.970488555157522,2.92853381322683
44339,33.7082901136757,73.0558040757417,559.110456670169,1.13712327052187,4.07592777034049
44340,33.7083108482337,73.0558525510947,559.018307136605,1.54979495608833,4.7593106795479
44341,33.7083425135418,73.0559105920079,558.821488551563,2.40319374533465,5.37660259486569
44342,33.7083806196119,73.0559731831209,558.582142958418,2.82856575479011,6.14394306351301
44343,33.7084254347601,73.0560418031282,558.357056937646,3.31287027627366,6.85866880797946
44344,33.7084702276535,73.0561195849629,558.17062302609,3.62272714803547,7.24480091877768
44345,33.7085185722441,73.056201008427,557.905136063229,3.94444848119186,7.76517534513405
44346,33.7085675326245,73.0562833000189,557.619457815075,4.13303800019171,8.3183795955801
44347,33.7086145071943,73.056370733632,557.338292327011,4.3634806821363,8.8564773014696
44348,33.708660862437,73.0564608754449,557.087576986058,4.47082322629224,8.94050414568206
44349,33.7087083567404,73.0565548215787,556.854395105271,4.55577338243984,9.15070613501
44350,33.7087589618449,73.0566557960201,556.670547189657,4.85000775050616,9.37609356089924
44351,33.7088116625652,73.0567577403702,556.45463609579,5.26856885107639,9.52641259490531
44352,33.7088650878513,73.0568583730735,556.27731360239,5.60532876603899,9.69088505962284
44353,33.7089181504795,73.0569607383213,556.135246888269,5.75400324425537,9.96360831594255
44354,33.7089745900969,73.0570623705046,555.977878281148,5.73835673447547,10.2950139623616
44355,33.7090316520273,73.057166494217,555.888189198449,5.82244487326875,10.4627185839034
44356,33.7090877883239,73.0572720106053,555.787191591924,5.85514110328987,10.6758935528645
44357,33.7091449896513,73.0573816751596,555.696651826613,5.98130470821858,10.9127920754453
44358,33.7092031420524,73.0574958718108,555.611499552848,6.62894842443148,10.8380843663773
44359,33.709263130023,73.0576095658049,555.550145769725,7.05316185140573,10.8178419507045
44360,33.7093277432906,73.0577213416637,555.484896044945,6.89714012089077,11.0237363008686
44361,33.7093976469976,73.0578307327836,555.406980219064,6.73488772814222,11.1026639717688
44362,33.7094656514694,73.0579450755615,555.358591715107,6.76683057849717,10.8171771201304
44363,33.7095278982163,73.0580628622991,555.305655047996,6.80309600545079,10.5115628560698
44364,33.709588652483,73.0581775544698,555.248195822351,6.77751899362237,10.72177120028
44365,33.7096489248958,73.0582896798769,555.187391074141,6.83662425419624,10.9176624541545
44366,33.7097102346562,73.0584005525284,555.147593469359,6.92117353745012,11.1545049457316
44367,33.7097739393528,73.0585154140593,555.093957449775,6.83934560299613,10.8929471512535
44368,33.7098384477438,73.0586302367493,555.046678386861,6.85747850584935,10.8356411752409
44369,33.7099006345353,73.0587429924486,555.020170829725,6.59977204275488,10.9613058946597
44370,33.7099626084108,73.0588553252758,554.980426707771,6.92404073677439,10.9380419068491
44371,33.7100218509341,73.0589693990353,554.960332091665,7.08807338470132,10.9134052935603
44372,33.7100837682734,73.0590834525476,554.954766013194,7.34568734363889,11.0707100644123
44373,33.7101490307112,73.0591970403239,555.00611419417,7.28367668047456,11.11304060109
44374,33.7102172879386,73.059311944703,555.03496740968,7.40495073434411,10.9648766864398
44375,33.7102849139693,73.0594277943101,555.086519820616,7.46260849206481,10.8863261348687
44376,33.7103522561253,73.0595460912181,555.125608531525,7.31126468548696,11.0909493251933
44377,33.710420302303,73.0596657445219,555.172415720532,7.36143011242297,11.1369520693156
44378,33.710484878504,73.059787404029,555.249054423999,7.22963201066953,11.1790154176472
44379,33.7105496160939,73.0599096798442,555.338060195791,7.12099844213621,11.3417657079895
44380,33.7106145863751,73.0600333627998,555.467019569594,7.09565476273697,11.4506659572762
44381,33.7106793186132,73.0601585840899,555.589560650988,7.07099787192005,11.4384563608218
44382,33.7107433008615,73.0602837912359,555.720343347406,7.0918781157852,11.4419250285224
44383,33.7108073803503,73.0604087658476,555.886796412757,7.06411443027192,11.3873404356748
44384,33.7108723209189,73.0605336223613,556.059307365678,7.08749262340447,11.4337699620115
44385,33.7109381166821,73.0606591686735,556.188050107798,7.11714277892515,11.4333045680489
44386,33.7110043345807,73.0607851475509,556.331598003628,7.18126643425285,11.4714351752716
44387,33.7110720577026,73.0609102555695,556.52542614704,7.28655924534627,11.3520433564992
44388,33.7111396971835,73.0610361120682,556.684292668477,7.26672271833954,11.1486816919347
44389,33.7112076060685,73.0611588753212,556.858597492566,6.9637208473464,10.8752340135531
44390,33.7112742425851,73.0612799453018,557.024357052986,6.66765839966283,10.6904317794491
44391,33.7113395739162,73.0614024606974,557.216372151626,6.48240317260709,10.3554629816546
44392,33.711401717191,73.0615205560566,557.461313598324,6.56414062086341,9.85633844623298
44393,33.7114618488181,73.0616311778837,557.639795137336,6.35470917064318,9.87525609739495
44394,33.7115215723201,73.061736171814,557.840938116424,6.33251455966426,10.1325703948811
44395,33.7115808299403,73.061842184998,558.039844695013,6.36246630162918,10.3130949677808
44396,33.7116395758634,73.0619502914251,558.236750934739,6.38547570533665,10.3602269561499
44397,33.7116978829468,73.0620624522857,558.433589007473,6.47325487606702,10.4790956302369
44398,33.7117552316387,73.0621764930521,558.646807000972,6.4386094239722,10.568392789744
44399,33.711813269151,73.0622920487866,558.830934928032,6.42369923877588,10.6024438655087
44400,33.711870729033,73.0624086214922,559.043017285876,6.32339943797462,10.1787877036026
44401,33.7119272251218,73.0625163225716,559.09004218271,6.22068825656806,9.78460879568658
44402,33.7119825576232,73.0626199866828,559.125251131831,6.10604626200086,9.52756309455333
44403,33.7120376028439,73.0627235898373,559.178182870382,6.09825502523827,9.65257365595424
44404,33.7120927712842,73.0628285862789,559.232821662677,6.16134701501289,9.76799325580218
44405,33.7121488215787,73.0629350043483,559.244694233174,6.26562212322349,9.9240253807325
44406,33.7122057648618,73.0630431064075,559.242846396752,6.32065644587212,10.1176346507675
44407,33.7122628784294,73.0631531150391,559.278279742459,6.38260334959226,10.2814914590732
44408,33.7123203053562,73.0632634511496,559.315476995194,6.33461208100247,10.1639796503459
44409,33.712378293145,73.06337165745,559.280825881055,6.50193555977315,9.89458283529647
44410,33.7124364988471,73.0634775547879,559.234440316679,6.344419308082,9.74100808119267
44411,33.712492830014,73.0635821650671,559.191880315077,6.10345659051726,9.59725897144922
44412,33.7125457501413,73.0636844081903,559.120294247288,5.66415661273119,9.34683861449254
44413,33.7125950302941,73.0637832499155,559.018784044078,5.32971490595844,9.00215451786628
44414,33.7126429487559,73.0638793972468,558.883996701567,5.33731452943078,8.78484785455728
44415,33.7126909268072,73.0639729614857,558.708866641624,5.24245769869461,8.55033329427083
44416,33.7127367674992,73.0640651768853,558.70760490559,5.01819866523199,8.58341220217023
44417,33.7127829579884,73.0641591093438,558.692556079011,5.28332599431794,8.82560586938167
44418,33.7128317999921,73.0642548387895,558.658589531202,5.56650035143177,8.90079440975345
44419,33.712883416887,73.0643515482118,558.659388438566,5.79885798385303,8.97389624637693
44420,33.712935247673,73.0644492786749,558.775147754932,5.67570327156533,9.12120439818627
44421,33.7130287634754,73.0646048387594,558.818739772541,5.96349833795341,9.59839197183567
44422,33.713110560285,73.0647059307285,558.928716587601,6.19317131665033,9.49751591075187
44423,33.7131701925918,73.064814685274,559.202930429252,6.36868974956483,9.3725096056109
44424,33.7132242054991,73.0649242626566,559.363959916169,6.23675797952499,9.48212554833786
44425,33.713282094349,73.0650298375904,559.371423342731,6.29267314052967,9.5058060440454
44426,33.7133379640886,73.0651368486402,559.36227339413,6.28814254796986,9.40834712673791
44427,33.7133933479525,73.0652423261508,559.346853432478,6.14451830247072,9.35592670956051
44428,33.713449051882,73.0653468630699,559.35137905553,5.87090020685859,9.39135008397245
44429,33.7135030539301,73.0654497681504,559.391089305049,5.85378769587742,9.3322596507734
44430,33.7135562774554,73.0655514714086,559.443619019119,6.31308532216029,8.93219268777194
44431,33.7136099480401,73.065650441073,559.522943058982,6.63371177104594,8.69258100001508
44432,33.7136654552823,73.0657464914445,559.595653987722,6.27089844048827,9.00324880160981
44433,33.7137240585418,73.0658440403937,559.647837303812,5.79983350732307,9.48758062573772
44434,33.7137804488333,73.0659436915475,559.712250463665,5.8349303608652,9.46926297948843
44435,33.7138350518404,73.0660450981548,559.767019496532,5.93459580889653,9.37976180602511
44436,33.7138868412148,73.0661468196832,559.846414519707,5.68194825701987,9.0423733314324
44437,33.7139387649235,73.0662467237205,559.915196135407,5.51365210497625,8.61016118242217
44438,33.7139907021891,73.0663439540989,560.002270338824,5.34943441010616,8.34998973714786
44439,33.7140394035818,73.0664365265191,560.09302218724,5.10714483962842,7.93719811317904
44440,33.7140814398043,73.0665236355969,560.190983940847,4.68943825753632,7.21666875238895
44441,33.714123078146,73.0666080861132,560.326898943633,4.22058572210551,6.77031033465246
44442,33.7141619081148,73.0666814702994,560.428164659534,3.46375902068278,5.69825300392342
44443,33.7141910136984,73.0667411447559,560.57672804012,2.89181636263798,4.89224577544862
44444,33.7142143292422,73.0667891495383,560.683293826412,2.49733672614773,4.11244839885421
44445,33.7142332126527,73.0668291921287,560.793978264555,2.18750653468967,3.2653536285987
44446,33.7142538614759,73.066858714759,560.863978202455,2.93967983864272,1.78466120981426
44447,33.714275135039,73.0668795576522,560.960607738467,3.15935583640304,-0.506865656739685
44448,33.7142956297444,73.066890664053,561.098389843944,2.3847366253984,-1.09292965408081
44449,33.7143154487053,73.0668843907206,561.177496157121,2.63991964264622,-1.65578659435651
44450,33.7143427876415,73.0668630063969,561.306828338886,3.45666645932023,-1.63760823403338
44451,33.7143793281841,73.0668354361436,561.409693692345,2.13723732017111,-0.73495217427013
44452,33.7144114147511,73.06681351374,561.445818437496,2.28111750749858,-1.08744976668471
44453,33.7144411442866,73.066793152617,561.592258984689,3.09322723829716,-1.83069136540868
44454,33.7144674886376,73.0667765953164,561.650885679992,3.9114075792651,-2.13574114754165
44455,33.7144982824603,73.0667618933194,561.733475392684,4.03092561462793,-2.10740634331661
44456,33.7145353539968,73.0667451454439,561.732987061609,3.55316965631923,-1.92462039401529
44457,33.7145700371154,73.0667284648688,561.687414838001,2.52622396050778,-0.952411071887442
44458,33.7145987377099,73.066711621486,561.621190193808,1.46460691972371,-0.2565714466724
44459,33.7146176560926,73.0666963365447,561.527818829985,1.03662729602847,-0.0781914470478534
44460,33.7146175925891,73.0666965770198,561.422815810423,0.626446030693184,-0.354626954305089
44461,33.7146186641087,73.0666962003837,561.419134173309,-0.271884885765005,-0.0841283020775086
44462,33.714618913759,73.0666961417549,561.338063300354,0.287278710057065,0.263896777817094
44463,33.7146196817676,73.0666960678541,561.301779667847,-0.144922175640315,0.590336987879018
44464,33.7146205017159,73.0666957219432,561.251750013558,0.140675977391929,1.30565217783852
44465,33.714621306511,73.0666955665689,561.254901304841,0.957298229066003,1.08189651527676
44466,33.7146229715243,73.0666957602599,561.202452812577,1.3219447759892,0.806562595369156
44467,33.7146232467647,73.0666948739517,561.175169993658,1.12649656038579,0.702387753773227
44468,33.7146239709933,73.0666946172842,561.156173993601,0.962406614584826,0.665452610852402
44469,33.7146311403,73.0667035649287,561.163060501684,0.992902937777123,0.77907569448927
44470,33.7146397565757,73.0667141090945,561.187543472974,1.23087998460186,0.610348222778804
44471,33.71464813678,73.0667245867779,561.247320433613,1.31011633811457,0.611638452537223
44472,33.7146570125731,73.0667324339043,561.267479391303,1.38628966147671,0.471467851631381
44473,33.7146591517244,73.066733840334,561.281831332715,1.03936723313754,0.311937329172294
44474,33.7146610684878,73.0667345621022,561.268002683297,0.101658045830977,-0.135821368185007
44475,33.7146617322947,73.0667350217583,561.259223288856,-0.111307389728223,-0.0398328232705083
44476,33.7146625335752,73.0667356986089,561.235329328338,-0.051034239754079,-0.0267892600523414
44477,33.7146631828748,73.0667362599152,561.239330966957,-0.0221030105746307,-0.0131588882108429
